TIME,1996-01,1996-02,1996-03,1996-04,1996-05,1996-06,1996-07,1996-08,1996-09,1996-10,1996-11,1996-12,1997-01,1997-02,1997-03,1997-04,1997-05,1997-06,1997-07,1997-08,1997-09,1997-10,1997-11,1997-12,1998-01,1998-02,1998-03,1998-04,1998-05,1998-06,1998-07,1998-08,1998-09,1998-10,1998-11,1998-12,1999-01,1999-02,1999-03,1999-04,1999-05,1999-06,1999-07,1999-08,1999-09,1999-10,1999-11,1999-12,2000-01,2000-02,2000-03,2000-04,2000-05,2000-06,2000-07,2000-08,2000-09,2000-10,2000-11,2000-12,2001-01,2001-02,2001-03,2001-04,2001-05,2001-06,2001-07,2001-08,2001-09,2001-10,2001-11,2001-12,2002-01,2002-02,2002-03,2002-04,2002-05,2002-06,2002-07,2002-08,2002-09,2002-10,2002-11,2002-12,2003-01,2003-02,2003-03,2003-04,2003-05,2003-06,2003-07,2003-08,2003-09,2003-10,2003-11,2003-12,2004-01,2004-02,2004-03,2004-04,2004-05,2004-06,2004-07,2004-08,2004-09,2004-10,2004-11,2004-12,2005-01,2005-02,2005-03,2005-04,2005-05,2005-06,2005-07,2005-08,2005-09,2005-10,2005-11,2005-12,2006-01,2006-02,2006-03,2006-04,2006-05,2006-06,2006-07,2006-08,2006-09,2006-10,2006-11,2006-12,2007-01,2007-02,2007-03,2007-04,2007-05,2007-06,2007-07,2007-08,2007-09,2007-10,2007-11,2007-12,2008-01,2008-02,2008-03,2008-04,2008-05,2008-06,2008-07,2008-08,2008-09,2008-10,2008-11,2008-12,2009-01,2009-02,2009-03,2009-04,2009-05,2009-06,2009-07,2009-08,2009-09,2009-10,2009-11,2009-12,2010-01,2010-02,2010-03,2010-04,2010-05,2010-06,2010-07,2010-08,2010-09,2010-10,2010-11,2010-12,2011-01,2011-02,2011-03,2011-04,2011-05,2011-06,2011-07,2011-08,2011-09,2011-10,2011-11,2011-12,2012-01,2012-02,2012-03,2012-04,2012-05,2012-06,2012-07,2012-08,2012-09,2012-10,2012-11,2012-12,2013-01,2013-02,2013-03,2013-04,2013-05,2013-06,2013-07,2013-08,2013-09,2013-10,2013-11,2013-12,2014-01,2014-02,2014-03,2014-04,2014-05,2014-06,2014-07,2014-08,2014-09,2014-10,2014-11,2014-12,2015-01,2015-02,2015-03,2015-04,2015-05,2015-06,2015-07,2015-08,2015-09,2015-10,2015-11,2015-12,2016-01,2016-02,2016-03,2016-04,2016-05,2016-06,2016-07,2016-08,2016-09,2016-10,2016-11,2016-12,2017-01,2017-02,2017-03,2017-04,2017-05,2017-06,2017-07,2017-08,2017-09,2017-10,2017-11,2017-12,2018-01,2018-02,2018-03,2018-04,2018-05,2018-06,2018-07,2018-08,2018-09,2018-10,2018-11,2018-12,2019-01,2019-02,2019-03,2019-04,2019-05,2019-06,2019-07,2019-08,2019-09,2019-10,2019-11,2019-12,2020-01,2020-02,2020-03,2020-04,2020-05,2020-06,2020-07,2020-08,2020-09,2020-10,2020-11,2020-12,2021-01,2021-02,2021-03,2021-04,2021-05,2021-06,2021-07,2021-08,2021-09,2021-10,2021-11,2021-12,2022-01,2022-02,2022-03,2022-04,2022-05,2022-06,2022-07,2022-08,2022-09,2022-10,2022-11,2022-12,2023-01,2023-02,2023-03,2023-04,2023-05,2023-06,2023-07
Belgium,65.83,65.96,66.42,66.69,67.15,67.09,66.42,65.83,65.56,65.89,65.89,66.03,67.22,66.42,66.03,66.95,68.08,68.41,68.74,67.62,68.21,68.01,68.34,67.95,68.34,68.21,68.34,69.4,70,69.87,69.87,68.74,68.54,68.28,68.68,68.87,69.4,69.34,69.34,69.67,70.07,69.6,68.81,67.95,68.08,68.34,68.28,68.28,68.41,68.54,68.61,69.54,69.6,69.93,69.93,69.6,69.67,69.4,70.07,69.8,70.3,70.21,70.99,72.37,73.43,73.58,73.05,73.16,73.19,73.61,73.48,73.01,74.74,73.89,74.4,74.4,74.84,74,74.08,73.64,74.32,74.2,74.18,73.7,74.51,74.86,75.32,75.7,75.64,76,75.92,75.99,77.04,75.82,75.78,75.21,76.06,76.03,76.38,76.89,77.06,76.9,76.64,76.17,76.31,76.25,76.57,76.31,76.52,77.16,78.57,78.5,78.96,78.48,77.81,77.86,77.06,77.15,77.66,77.58,78,78.57,78.67,79.26,80.2,79.81,79.94,80.18,80.85,80.68,81.48,80.93,81.79,81.91,81.82,83.09,82.34,82.48,82.81,82.37,82.89,83.94,84.99,85.53,86.37,86.51,86.93,88.02,88.62,88.34,89.04,88.33,88.36,88.72,88.6,88.66,89.78,89.66,89.52,89.72,89.55,88.73,88.32,87.89,87.72,88.05,88.29,88.18,89.81,90.19,90.9,90.87,90.66,90.6,90.47,90.42,90.76,90.88,91.02,91.39,92,92.43,92.05,92.68,92.54,92.88,93.14,92.6,92.5,93.05,93.96,94.14,94.51,95.56,95.6,95.51,95.49,95.5,95.49,95.75,95.75,96.96,97.2,97.38,98.12,98.8,99.18,99.68,99.98,100.57,99.36,98.79,98.42,98.53,98.74,99.13,99.49,99.23,99.16,100.46,99.29,99.31,99.41,98.16,97.7,97.51,97.86,98.14,98.62,99.14,99.15,101.02,100.62,100.77,100.21,99.67,99.8,100.53,100.25,100.21,100.62,100.89,102.49,103.53,102.83,102.6,102.2,101.94,101.54,101.89,101.92,101.84,102.19,102.92,103.25,103.52,102.54,102.52,102.57,102.82,102.28,102.56,103.02,103.62,104.24,104.33,104.99,105.44,105.18,105.34,105.22,104.65,104.91,105.17,104.87,105.01,105.32,105.08,106.02,105.96,105.81,106.25,105.93,105.66,104.98,105.02,105.26,105.75,106.25,106.9,108.55,109.46,109.57,109.41,109.47,109.02,108.64,108.38,107.65,107.45,107,106.77,107.79,108.07,107.88,108.11,108.25,108.18,107.84,107.96,107.99,108.92,109.65,111.12,112.86,113.96,115.48,117.53,118.99,119.35,120.05,122.24,124.53,125.69,130.26,132.65,135.76,133.49,134.04,134.21,:
Bulgaria,:,:,:,:,:,:,:,:,:,:,:,8.66,13.42,50.32,50.09,48.38,49.33,49.2,50.6,54.16,55.91,55.94,56.21,56.12,58.2,58.94,58.9,58.91,56.67,52.76,51.49,50.92,52.48,52.41,51.65,52.01,52.81,51.86,50.67,49.58,48.42,47.36,48.83,48.9,49.95,50.75,51.11,52.43,54.14,55.12,54.24,52.84,52.44,52.43,53.17,56.18,57.63,58.42,58.51,59.3,59.73,59.57,59.4,58.9,58.59,58.41,57.77,57.32,58.63,59.11,59.36,60.9,62.71,63.32,63.44,62.91,59.91,57.63,55.52,54.8,55.66,56.71,56.61,58.24,58.52,58.79,59.16,59.67,59.2,56.02,54.96,55.73,56.99,57.78,60.59,63.19,64.04,64.26,64.08,64.34,63.35,60.59,60.59,59.5,60.91,60.6,61.54,63.7,64.46,65.04,65.27,66.18,65.18,62.58,62.16,62.59,64.32,65.81,66.82,67.92,68.79,70.4,70.57,70.92,70.58,67.18,65.53,64.72,65.59,67.73,69.79,71.62,73.47,74.08,73.69,74.1,73.52,72.32,75.19,80.72,82.41,83.05,85.09,86.74,88.62,90.26,91.22,92.48,92.05,89.4,89,88.33,90.19,91.4,91.68,91.36,93.02,92.4,92.35,92.36,91.31,89.19,87.88,86.97,87.4,87.21,87.42,88.36,89.08,90.32,90.22,89.72,88.96,86.62,86.56,86.96,88.99,90.34,91.43,91.81,92.7,94.71,96.02,96.67,96.32,94.78,94.4,94.01,94.03,95.12,95.7,95.9,96.12,97.28,97.6,97.5,97.97,96.2,96.75,97.52,99.54,99.8,99.64,100.35,101.95,101.91,102.26,101.59,101.59,100.62,99.17,98.46,99.31,99.91,99.47,99.51,100.4,100.56,100.19,100.48,99.48,98.41,98.86,98.38,99.13,99.46,99.27,98.66,99.42,100.53,100.69,102.05,101.27,99.2,98.33,98.91,100.33,99.91,99.88,99.46,100.08,100.44,99.75,99.53,99.75,99.12,100.5,100.35,100.32,100.01,99.97,100.72,103.68,104.03,103.54,104.25,103.78,102.91,102.79,102.83,103.77,103.75,104.2,103.87,104.51,104.74,104.43,105.31,105.54,105.04,105.04,105.09,106.49,106.6,106.51,106.41,107.96,109.48,109.65,110.81,111.17,109.72,109.95,110.43,111.09,111.56,112.71,113.35,116.06,116.58,116.88,117.55,117.81,116.93,115.6,115.08,115.53,115.6,115.81,115.65,115.97,117.05,117.09,118.31,118.84,117.9,117.65,118.92,120.2,121.92,123.71,125.38,128.2,132.33,136.44,142.2,145.09,145.61,145.82,147.59,150.49,154.13,156.72,158.02,160.51,164.37,165.84,166.06,166.73,165.76,:
Czechia,67.7,68.1,68.9,69.6,70.4,71.2,70.2,68.9,69,69.9,70.3,71.1,71.8,71.8,71.6,71.8,71.7,73.4,72.3,72.6,73.1,73.8,74.2,74.9,76.7,76.9,77,77.2,77.2,77.5,76,75,75,74.5,73.6,72.8,73.6,73,72.3,72.2,72,72.1,70.8,70.4,70.4,70.4,70.7,71.5,72.2,72.4,71.7,71.3,71.5,71.9,71.8,72.2,72.4,73.4,73.7,74.3,75.3,74.9,75,75.5,76.3,77.9,77.5,76.5,75.7,75.7,75.6,76.5,78,77.4,77,76.6,76.3,75,73.2,72.3,72.2,72.1,71.8,72.5,73.1,72.9,72.7,72.7,73.1,74,72.2,71.4,71.9,72.7,74.2,75,76.1,75.9,75.9,76.1,75.9,75.9,75.5,75.1,74.7,74.8,74.9,75.9,76,76,75.9,75.9,76.1,76.4,75.2,74.7,74.6,75,75.1,75.2,75.8,75.6,75.4,75.5,76.1,76.9,76.7,76.1,75.9,75.3,75.3,76.2,77.4,77.4,77.5,78.7,78.6,78.7,78.3,77.9,78.1,80,83.2,84.7,86.8,86.3,85.8,86.2,86.9,86.6,86.2,84.7,84.2,84.4,83.7,83.9,85.2,85.1,85,84.6,83.9,83.5,81.5,80.7,80.3,80,80.3,81.4,83.1,83.4,84.2,84.3,83.7,83.7,83.8,83.1,83.2,82.8,84.2,86.1,86.7,86.9,87.1,87.4,89.2,88.2,88.1,87.2,87.5,88.4,89.6,91.5,93.5,93.8,95.6,94.2,94.9,96.2,94.7,93.8,93.9,94.6,95,96.2,98.9,98.4,99.1,98.5,99.2,101.5,99.4,98.1,97.3,97.1,97.9,100.5,102.3,102.3,102.7,101.8,101.6,100.7,100.3,99.7,99.8,100,99.8,100.1,100.8,100.8,100.8,101.2,101.6,101.7,99.6,98.6,99.5,99.3,98.6,97.6,99.1,99.3,99.3,99.6,99.1,98.5,99.0,98.4,98.4,98.2,100.1,100.9,102.5,103.8,103.7,103.2,103.6,103.8,104.8,104.0,104.0,105.8,106.0,106.6,107.1,106.2,105.6,104.9,106.0,106.4,104.5,104.4,105.4,105.7,104.5,105.7,106.7,107.5,107.5,106.7,108.8,109.2,108.6,108.3,107.8,108.7,110.0,110.8,113.4,113.5,114.4,115.2,115.9,115.3,113.6,113.0,111.6,112.2,112.2,110.8,114.2,114.2,114.1,115.1,114.4,114.1,114.5,114.8,113.7,113.3,114.6,115.4,120.4,122.2,123,127.5,132,135,137,137.7,138,142.4,145.1,145.7,151.2,152.2,152.8,150.3,151.7,151.7,:
Denmark,68.2,68.4,68.7,68.8,69.2,69.4,69.9,70,69.9,70.1,70.2,69.6,70.5,70.7,70.5,71.3,72.3,72.9,72.5,72,72.1,71.9,72,71.5,72.8,72.8,72.8,73.1,73.7,73.6,73.3,72.6,72.3,72,72,71.3,72.4,72.3,72.5,72.7,72.9,73.2,73,73.1,72.4,72.4,72.5,72.6,73,73.4,73.3,73.6,74.1,74.5,74.4,74,73.7,74.1,74,74.2,75.2,75.7,76.2,77,77.5,77.7,77.3,77.4,76.6,76.9,76.5,76.7,77.8,78.4,78.6,78.4,78.8,79,78.7,78.4,78.2,78.2,78.2,78.1,78.6,79.6,79.9,80,79.8,80,79.7,79.4,79.6,79.2,79.4,79,79.2,78.8,79.3,79.1,79.3,79,78.7,78.5,78.5,78.1,77.9,78.1,78.2,78.7,79.7,78.9,79.2,79.6,79.7,79.8,79.5,79.1,78.9,79.3,79.2,80,80.2,80.3,80.9,81.8,82,82.3,82.4,81.8,82.6,83,83.6,83.9,83.7,84.4,84.7,84.1,84,83.7,84.8,86.2,88.3,88.7,89.5,89.7,90,90.9,91.6,92,92.5,92.5,92.1,91.7,92.3,92.5,92.9,92.5,92,91.6,91.6,91.8,91.7,91.3,90.7,90.3,90.2,89.7,90.4,90.7,91.5,91.4,91.1,90.9,92.1,92.6,92.2,92.1,92.5,92.9,92.7,93.5,94.1,94.6,95.3,95.9,95.9,95.6,95.1,96.4,97.1,97.8,98,98.8,98.9,98.7,99,99.9,99.7,100.2,99.5,99.5,100.4,100.5,100.2,100,100.5,99.8,99.9,100.2,99.8,99.8,100.1,99.3,99.3,99.3,99.2,98.8,98.4,98.4,98.9,99.3,99.7,99.4,99,99.2,98.8,98.7,99.5,99.2,99.7,99.8,100,100.8,100.7,100.2,100.4,100.4,99.6,99.8,99.4,99.9,99.0,99.5,100.4,100.5,100.5,100.6,100.2,99.8,100.6,100.9,101.4,102.5,101.4,101.5,102.2,102.9,104.6,104.0,103.9,103.7,104.0,102.9,103.0,103.4,102.4,102.9,102.9,102.9,103.6,102.5,103.1,102.9,103.2,102.7,104.1,104.5,104.1,103.5,104.2,105.0,105.9,104.8,104.4,104.2,104.4,103.6,104.1,104.9,105.3,105.1,105.4,105.8,106.6,105.5,104.5,104.8,104.9,103.8,104.4,105,104.2,105.3,105.4,105.5,107.2,106.1,106.1,106.2,107.1,105.5,108.6,110.8,110.8,112.8,116,119.2,122.9,123,122.3,122.9,123.5,121.2,124.3,127.2,128.3,127.6,128.3,129.7,:
Germany,75.7,76.3,76.7,77,76.8,76.8,76.7,75.9,75.3,75,75,75.2,76.6,76.8,76.5,76.9,77.6,78,77.6,77,76.9,76.8,77,77.4,78.2,78.2,77.9,78.3,78.8,78.9,78.3,77.6,77.2,76.9,77,77.2,77.9,77.9,77.8,78,78,77.6,76.9,76.1,75.7,75.5,75.7,75.8,76.6,77.1,76.5,76.9,77.2,77.2,76.9,76.2,75.9,75.8,76.2,76.7,77.9,78.2,78.9,80.2,81.6,81.9,81.4,80.2,80,80.1,79.6,80.1,82.4,82,81.8,81.8,81.7,81,80.5,79.7,79.6,79.3,79,79.3,80.1,80.5,80.8,81,81,81.3,80.8,80,80.3,80.4,80.2,80.3,81.1,80.8,80.6,80.7,80.9,81,80.5,79.8,79.3,79.3,79.2,80,80.3,80.8,81.1,81,81.4,81.5,80.8,80.2,80.1,79.8,80,80.6,81.4,81.7,81.6,81.9,82.6,82.7,82.5,82.2,82.5,82.1,82.3,82.6,83.5,83.4,83.2,84.1,84,84.1,84,84.2,84.5,85.9,86.8,87.3,88.5,88.6,89.1,89.4,89.4,89.4,89.6,89.3,89.1,89.3,88.5,89,89.4,89.5,89,88.7,88.3,88.6,87.6,86.8,86.6,86.5,86.8,87.3,88.2,88.4,89.2,89.8,89.2,89.4,89.5,88.9,88.9,88.8,89.5,90.4,90.8,91.5,91.7,91.8,92.2,91.7,91.7,91.4,91.8,92,92.3,92.7,93.7,94.7,95.1,94.9,94.6,94.9,94.3,94.3,94.3,94.8,95.8,96.7,97.4,97.4,98.2,98.3,99.1,99.3,99.1,98.2,98,98.1,98.3,99.7,100.4,100.3,99.9,99.6,99.3,99.3,99.3,98.7,98.9,98.9,98.6,98.9,99.3,100.1,100,100.8,100.7,100.1,99.5,99.2,99.7,100.2,100.3,99.9,100.1,100.8,101.3,101.5,100.9,100.5,100.8,100.3,100.5,100.5,101.6,102.5,103.3,105.1,103.5,103.1,103.1,103.0,103.2,103.1,103.6,104.3,104.5,105.3,106.2,106.1,106.3,106.3,106.5,106.2,105.8,105.6,106.4,106.3,106.2,106.3,106.8,107.4,106.9,106.9,107.3,107.4,107.8,107.9,107.8,107.4,107.9,108.4,109.5,110.9,110.7,111.8,111.9,111.8,108.8,108.6,108.3,108.8,109.2,108.8,111.6,112.4,112.4,113.8,113.4,113.1,113.5,113.4,113.5,113.5,114.1,115.1,116.8,118,119,122.8,125.2,126.5,129.1,131,133.2,134.9,136.6,137.6,139.7,143,144.9,144.2,144,144,:
Estonia,48.18,50.55,51.51,52.44,52.72,52.7,52.57,50.64,50.49,50.66,51.06,51.34,51.84,52.12,52.74,53.33,53.98,54.16,54.39,54.14,54.18,54.87,55.33,55.76,56.28,56.87,57.22,57.48,57.49,57.43,57.55,57.17,56.31,55.93,55.5,55.03,55.13,55,55,54.88,54.74,54.66,54.44,53.71,53.57,53.98,54.42,54.95,55.19,54.82,55.13,55.1,55.23,55.4,56.08,56.15,56.14,56.73,56.92,57.31,57.97,58.58,59.04,59.53,60.24,60.84,61.15,61.23,60.95,60.83,60.97,61.44,62.62,63.43,63.86,63.64,63.79,63.3,62.35,60.69,60.25,60.27,60.41,60.66,61.06,61.13,61.29,61.46,61.47,61.4,61.4,60.62,60.13,59.89,60.16,60.74,61.08,61.23,61.61,62.11,64.28,64.78,65.16,64.09,64.1,64.08,64.22,64.66,65.19,65.36,65.49,65.21,65.71,66.59,66.54,65.74,65.2,65.09,66.36,66.3,67.05,67.49,67.66,67.84,68.15,68.74,69.45,69.73,69.94,69.86,70.4,70.54,72.19,72.03,72.95,73.72,73.48,73.79,74.87,74.23,75.46,78.49,81.08,81.88,83.93,84.31,85.08,86.55,87.26,86.98,87.02,86.01,85.81,85.75,85.74,86.14,86.16,85.44,85.25,83.72,83.43,82.1,83.12,81.49,80.45,80.36,80.21,80.59,81.55,81.63,83.45,84.41,84.31,84.18,85.26,84.48,85.56,87.31,89.25,89.96,90.34,92.06,92.88,94.73,94.52,93.82,94.33,93.3,93.24,92.18,92.76,93.04,93.92,94.45,95.44,95.86,95.96,96.47,96.84,96.41,96.71,97.69,97.89,97.85,98.69,99.82,100.06,100.33,101.86,101.13,102.59,101.1,99.64,99.46,99.17,99.38,101.11,101.4,101.66,101.49,100.9,100.66,100.36,99.26,99.47,99.25,98.59,99.1,99.48,99.92,100.24,101.61,101.17,101.17,100.8,99.93,99.22,99.23,98.63,98.6,98.71,99.63,100.77,100.27,100.08,100.18,102.1,100.76,100.37,98.85,99.91,101.04,102.49,103.86,104.87,104.79,106.08,106.58,107.28,107.02,106.03,106.51,107.6,107.44,108.28,109.02,109.0,108.35,109.29,109.97,109.39,109.12,109.79,109.42,109.37,109.33,110.19,110.94,111.48,112.44,113.14,113.46,114.17,114.12,113.16,111.81,112.39,112.36,113.08,115.02,113.75,115.56,115.62,116.27,116.65,116.45,114.72,113.88,113.3,112.3,113.22,114.2,114.27,115.95,116.27,116.44,117.72,118.54,117.92,116.68,119.02,118.76,123.35,127.97,129.74,132.72,135.91,138.7,141.15,144.36,146.83,149.19,152.47,153.97,157.14,160.05,161.41,163.3,163.17,165.32,:
Ireland,79,79.3,79.7,80.1,80.5,80.6,80.6,80.5,80.2,80,79.7,79.7,80.3,80.1,80.2,80.6,80.9,81.5,82.3,81.7,81.7,81.3,81.7,82.1,82.1,82.2,82.7,83.9,84.9,85.7,86.3,85.7,85.2,85,84.7,85.6,85.8,86.3,86.4,86.8,87.3,87.9,87.4,87.6,87.2,87,87.3,87.6,87.6,87.9,88,88.1,89.4,89.9,90.5,91,91,90.9,91.2,91.7,91.9,92.6,93.8,95.2,95.7,96.4,96.6,97.1,97.1,96.9,97,97.3,97.5,97.6,97.7,98.2,98.8,99.1,99.4,99.5,99.7,99.8,99.9,100,99.8,100.1,100.3,100.4,100.3,100.6,100.9,100.8,100.4,100.3,100.2,100.1,100.1,100,100,99.7,100.1,100.6,100.2,100.2,100,100,99.9,100.3,99.9,100,99.3,99.1,99.1,99.2,99.5,99.5,99.5,99.3,99.1,99.2,99.2,100,100.4,100.9,101.7,101,101,101,101.2,100.9,100.8,101,101,101.1,101.3,102.5,103.1,103.6,103.6,103.7,103.9,105.3,106.5,107.3,107.7,109.7,110.7,110.8,111.2,111.1,110.7,110.4,110.3,110.2,110.7,110.7,111,110.6,110.1,108.9,108.5,107.4,106.1,105.1,103.6,103.1,102.3,101.8,101.9,101.7,101.5,101.2,101.6,101.7,102.1,101.7,101.5,101.7,101.5,101.9,102.2,103,103.1,102.6,102.6,102.4,103.1,103.2,102.9,103.1,103.1,103.1,102.5,102.8,102.7,103.2,103.2,103.2,103.3,103.5,103.7,104.1,104.1,104.8,105,104.8,104.4,104.8,104.8,104.9,105.4,104.7,104,104.1,103.8,103.6,103.3,103.1,102.8,102.7,102.8,102.5,102.1,102,101.6,101.4,101.1,100.9,100.8,100.1,100,100.2,100.3,100.2,99.7,99.7,99.4,100,99.8,99.9,99.9,99.2,99.5,99.2,99.2,99.1,98.7,98.7,98.3,97.8,97.5,97.1,97.4,96.5,96.9,96.5,97.0,96.4,96.7,97.0,96.3,96.6,96.3,95.6,95.8,94.8,95.1,94.5,94.8,94.3,94.7,94.5,94.2,94.6,94.4,94.2,94.3,94.1,94.5,94.5,94.6,94.2,94.2,94.2,93.3,93.4,93.3,93.4,93.3,93.2,93.0,93.3,93.4,92.8,93.0,92.6,92.0,92.0,92.0,92,91.3,91.4,92.2,92.6,92.4,92.5,93,92.7,92.4,92.8,92.9,93.3,93.3,94.2,95,95.8,96.5,98.7,100.2,100.8,101.5,102.5,103.3,104.4,105.2,106.4,107.5,108.3,108.7,108.8,:
Greece,60.18,60.87,62.36,63.24,64.11,63.49,61.49,61.06,61.99,61.68,63.11,64.11,63.98,64.23,64.3,65.17,66.48,66.85,64.92,64.67,64.42,64.36,65.35,65.85,66.91,66.85,67.41,68.35,69.65,69.03,66.66,66.6,67.54,67.47,68.03,68.59,69.9,70.03,70.21,70.34,70.78,69.53,67.29,66.79,68.91,69.4,69.65,70.03,70.65,71.65,72.08,72.71,72.39,69.9,69.16,69.72,69.9,70.28,70.71,71.52,72.15,73.05,73.82,74.6,75.92,75.05,73.78,73.89,74.45,75.02,75.63,78.68,81.16,79.44,79.96,80.18,78.68,78.53,77.17,77.46,77.81,78.58,79.08,79.72,80.51,82.38,83.57,84.57,86.46,85.3,82.74,81.76,81.78,81.38,81.64,82.19,83.43,85.74,86.41,85.43,85.91,84.22,80.86,81.36,81.41,81.84,82.05,83.98,84.27,85.17,85.43,85.48,85.79,83.92,81.52,82.56,83.21,84.13,84.4,85.08,85.85,87.42,87.81,88.46,87.84,86.47,85.92,86.09,86.68,87.86,87.49,87.95,88.5,87.66,88.28,89.13,88.82,87.74,87.37,88.13,89.29,90.66,91.21,91.69,93.14,93.35,93.65,95.2,94.83,92.89,91.98,92.09,92.82,94.48,95.82,95.25,96.63,96.72,97.11,97.41,97.25,95.49,94.52,93.39,94.09,94.22,94.8,94.19,94.71,95.5,95.67,96.51,96.16,94.74,94.51,95.34,96.11,95.7,95.93,96.02,96.88,97.72,97.94,99.05,99.46,98.67,98.14,97.87,98.16,98.66,99.42,99.93,99.75,99.74,100.2,100.6,101.09,100.6,99.25,99.59,99.72,99.67,99.53,99.39,100.04,99.97,100.76,101.38,101.85,101.61,100.2,99.51,99.17,99.37,98.45,98.69,99.35,98.76,99.41,99.6,98.73,98.64,97.63,97.28,97.85,98.28,98.06,97.56,98.85,99.6,100.01,100.43,99.11,99.27,98.33,101.12,101.09,101.03,100.99,100.17,100.36,100.0,99.67,99.52,100.03,99.92,100.6,100.82,99.74,99.67,99.13,99.29,101.21,101.21,101.13,101.22,99.77,99.02,99.0,99.58,99.87,99.61,99.78,99.74,100.17,100.31,100.37,100.23,100.03,100.21,100.43,100.55,101.25,101.46,100.55,99.9,101.81,102.09,101.49,101.29,100.38,99.17,98.78,98.43,99.09,99.99,100.32,100.45,101.99,102.24,101.63,102.41,102.42,103.01,100.81,100.57,101.78,101.99,102.21,101.21,101.35,101.65,101.44,101.35,101.95,104.03,102.91,103.88,105.3,104.98,105.93,105.57,106.76,108.95,109.71,112.41,114.44,116.99,115.89,117.34,118.8,120.47,121.76,121.83,123,124.75,125.02,124.94,127.48,131.67,:
Spain,63.99,63.87,63.8,64.38,64.83,64.45,64.45,64.7,64.9,64.64,64.64,64.7,64.7,64.12,63.67,63.54,63.61,63.35,63.29,63.61,64.38,64.12,64.45,64.96,65.15,64.38,64.32,64.38,64.45,64.38,64.7,64.96,65.09,64.9,64.7,65.28,65.54,65.41,65.73,65.86,65.61,65.09,64.96,65.15,65.54,65.73,65.99,66.57,66.77,66.44,66.38,66.64,66.44,66.38,66.77,67.15,67.67,67.86,67.99,68.89,69.47,69.34,69.86,70.05,70.37,70.5,70.89,71.21,71.47,71.41,71.6,72.31,72.5,72.5,72.89,73.34,73.66,73.85,74.18,74.5,74.89,75.01,75.14,75.59,76.05,75.79,76.05,76.05,76.3,76.43,76.82,77.53,78.17,78.24,78.37,78.69,79.07,78.75,79.14,79.53,79.91,79.91,80.3,80.49,80.49,80.56,80.88,81.07,81.65,81.46,81.78,82.36,82.43,82.43,82.23,82.55,82.75,82.88,83.39,84.49,85.28,85.04,85.08,85.24,85.43,85.88,86.23,86.37,86.61,86.56,86.71,87.17,87.31,87.17,87.51,88.01,88.12,88.28,88.51,88.79,89.59,91.34,92.15,92.94,93.43,93.3,93.54,93.84,94.02,94.63,94.73,94.86,95.09,94.98,95.01,95.16,95.17,94.74,94.1,93.79,93.29,92.91,92.71,92.86,92.82,92.68,92.72,92.9,93.37,92.72,93.34,93.24,92.82,92.85,92.71,93.1,92.4,92.84,93.14,93.52,93.52,93.7,94.18,94.39,94.69,94.75,94.94,94.54,94.52,94.86,95.19,95.34,95.58,95.69,95.79,96.02,95.85,96.24,96.09,96.49,96.97,97.27,97.75,98.23,98.6,98.35,98.23,98.53,99.13,99.75,100.31,100.76,99.41,98.82,98.95,99.4,99.77,99.42,98.76,98.65,98.32,98.28,98.3,98.55,98.65,99.17,99.13,99.07,99.34,99.61,99.13,99.05,99.56,100.07,99.67,100.38,100.45,101.03,100.84,100.87,101.42,100.87,100.83,101.0,101.29,101.55,102.2,102.16,101.25,101.34,101.22,101.68,102.41,102.57,102.22,102.13,102.43,102.39,102.35,102.21,102.48,103.72,103.46,103.4,103.71,103.54,103.63,103.75,104.47,104.95,104.21,104.25,104.25,105.52,104.96,104.79,104.7,104.98,104.61,104.58,105.04,105.45,105.17,105.28,105.18,106.75,106.71,106.54,106.82,107.08,107.23,108.74,108.73,108.39,107.49,107.59,107.68,109.16,108.14,107.75,108.68,108.74,108.78,109.1,109.57,109.56,109.34,109.63,109.57,111.01,111.66,113.08,113.84,114.81,116.19,120.14,121.61,123.75,124.13,124.71,125.3,128.15,128.78,130.82,131.32,133.9,135.33,135.69,136.2,136.54,:
France,72.8,72.94,73.55,73.5,74.21,73.85,73.65,72.63,72.78,72.87,73.27,73.55,74.63,74.02,73.66,73.86,74.5,74.56,74.78,74.64,74.88,75.07,75.56,75.4,75.35,75.2,75.22,75.81,76.4,76.78,76.32,76.08,75.81,75.38,75.58,75.63,76.1,75.99,76.14,76.23,76.46,76.31,75.72,75.02,75.17,75.6,75.99,76.34,76.51,76.79,76.76,77.43,77.77,77.78,77.6,77.5,77.72,78,78.59,78.68,79.21,79.52,80.53,81.41,82.94,83.01,83.11,82.28,82.4,82.73,82.5,82.83,84.45,84.21,84.24,84.34,84.58,84.54,84.01,83.51,83.62,83.86,83.88,84,84.83,85.2,85.61,85.94,85.9,86.66,86.29,86.12,86.86,86.46,86.34,86.05,86.6,86.18,86.75,87.16,87.39,87.85,86.86,85.43,85.59,85.61,85.8,86.05,86.05,86.56,87.39,87.02,87.4,87.19,86.47,85.79,85.87,86.04,86.36,86.73,87.12,87.58,87.69,87.89,88.52,88.52,88.27,87.83,88.2,87.88,88.47,88.3,88.59,88.2,88.13,88.91,89.33,89.68,88.98,88.85,89.38,89.89,90.51,91.13,92.5,92.65,93.05,93.69,94.68,94.86,94.92,93.64,93.71,94.17,93.97,94.01,94.58,94.59,94.41,94.47,94.76,94.16,93.39,92.61,93.09,93.53,93.59,93.48,94.41,94.49,94.86,95.25,95.52,95.36,94.78,93.85,93.89,93.97,94.44,94.65,94.47,94.78,95.67,95.8,96.84,97.1,96.9,96.71,96.94,97.3,97.57,97.87,97.85,98.38,99.11,99.09,99.67,100.1,99.39,98.82,99.06,100,99.99,100.01,99.8,99.84,100.33,100.65,101.32,101.79,101.03,100.5,99.99,99.88,99.96,100.09,99.91,99.74,99.92,99.76,100.13,99.9,99.3,98.69,99.19,99.58,99.55,99.48,99.54,99.73,99.97,99.98,100.48,100.21,99.61,99.48,100.06,100.6,100.34,100.0,99.86,99.82,100.35,100.32,101.48,100.74,100.87,101.04,100.47,100.4,100.57,100.74,101.23,101.51,101.17,101.09,101.9,101.57,101.62,101.68,101.61,102.08,102.14,102.18,102.51,102.36,102.76,102.81,103.81,103.61,103.72,104.01,104.65,104.46,104.2,104.85,105.44,105.52,105.23,105.29,106.07,106.19,106.81,107.35,106.75,106.22,106.34,107.01,107.47,107.39,107.34,109.63,110.24,109.18,107.99,108.24,107.69,107.92,108.65,108.2,108.57,108.31,108.38,109.04,109.7,108.87,108.98,109.75,108.86,108.65,109.09,109.74,110.41,110.82,111.87,113.61,114.75,115.7,116.88,118.94,120.41,122.63,123.25,123.85,126.03,128.3,130.76,131.46,131.88,132.21,:
Croatia,:,:,:,:,:,:,:,:,:,:,:,:,:,:,:,:,:,:,:,:,:,:,:,:,69.74,70.07,70.3,70.68,70.77,70.2,69.08,68.79,69.29,68.65,69.01,69.58,70.76,71.29,71.23,71.39,71.28,70.57,69.83,68.98,69.23,69.21,68.11,69.37,70.02,70.62,70.36,70.86,71.01,70.4,70.34,70.17,70.73,70.09,70.03,71.03,71.48,71.47,71.55,72.15,73.39,73.32,72.2,71.54,72.22,71.33,71.38,72.67,74.12,73.67,72.85,72.95,73.36,72.1,71.64,72,71.55,71.33,71.57,72.27,72.9,73.1,73.59,73.77,76.04,75.17,75.05,74.8,75.55,75.24,75.37,75.47,77.23,77.07,77.76,77.45,77.5,76.72,75.01,73.99,73.95,73.53,73.99,75.46,76.56,78.22,78.9,79.32,79.41,79.3,78.13,77.83,78.05,78.33,78.05,79.11,80.66,81.7,81.57,82.32,83.23,83.04,80.73,80.64,80.04,79.54,80.17,80.26,81.63,81.83,82.43,83.2,83.39,82.2,80.96,82.43,84.41,84.8,86.11,88.39,90.11,89.37,89.52,90.63,91.96,92.63,91.84,92.35,92.31,92.4,92.07,92.82,94.38,94.94,95.13,94.84,94.63,94,92.26,92.09,91.44,90.96,91.08,91,91.89,91.79,91.87,92.07,91.96,91.58,91.22,91.33,91.57,91.17,90.99,91.79,93.96,95.15,95.89,95.19,96.19,94.6,93.76,93.94,94.22,94.66,94.96,95.19,95.98,97.4,97.51,97.82,98.1,97.41,97.28,98.46,99.57,99.37,99.11,100.56,102,102.45,102.04,103,104.46,103.78,101.96,102.55,102.35,100.95,100.1,100.31,101.27,101.02,100.7,100.45,100.2,99.19,98.74,99.06,99.61,98.77,98.74,98.44,100.43,101.22,101.07,100.95,100.65,99.87,99.1,99.8,99.59,99.48,99.16,98.67,100.06,99.95,99.01,99.48,100.53,99.76,99.35,99.09,99.26,99.28,99.34,99.59,102.45,103.16,102.3,102.97,102.94,101.81,101.97,102.26,102.82,102.59,102.2,101.62,103.31,103.42,103.22,103.98,104.15,103.82,103.51,103.48,103.05,103.04,102.54,102.02,102.71,102.79,102.93,102.35,103.54,103.55,103.8,103.74,103.5,103.22,102.89,103.91,105.58,105.22,105.62,106.01,106.29,105.94,105.09,105.45,104.88,104.6,104.11,103.33,104.98,104.91,105.11,105.79,105.88,105.99,106.99,108.05,108.05,108.44,109.97,111.66,114.87,115.51,116.43,119.24,121.62,123.67,126.12,128.41,128.09,129.51,130.98,132.69,134.6,135.06,136.58,137.87,140.06,141.95,:
Italy,68.9,69.1,69.4,70,70.5,70.7,70.5,70.3,70.1,70,70,70,70.1,69.9,69.9,70,70,69.9,69.7,69.5,69.6,69.7,69.9,70,70.3,70.4,70.4,70.6,70.7,70.7,70.5,70.5,70.5,70.7,70.7,70.9,71.2,71.2,71.3,71.5,71.5,71.4,71,70.8,70.8,71,71.1,71.2,71.4,71.7,71.9,72.2,72.4,72.4,72.3,72.2,72.4,72.6,72.7,73.3,73.6,74.2,74.4,74.8,75.2,75.5,75.6,75.5,75.5,75.8,76,76.3,77.2,77.3,77.4,77.9,78.2,78,77.8,77.7,77.9,78.2,78.5,78.8,79.1,79.1,79.3,79.6,80,80.3,80.3,80.5,81,81.5,81.7,81.9,82.1,82.2,82.1,82.2,82.4,82.4,82.1,81.9,81.8,81.7,81.5,81.6,81.7,81.9,81.9,82.1,82.2,82.3,81.9,81.9,81.8,81.9,81.9,82.2,82.4,82.6,82.8,82.8,83.1,83.4,83.4,83.7,83.9,84.1,84.3,84.4,84.7,84.7,84.8,85.1,85.4,85.5,85.5,85.8,86.3,87,87.5,88,88.6,89,89.4,89.9,90.4,90.8,90.9,91,91.3,91.4,91.5,91.6,91.9,91.8,91.9,92,92.3,92.2,92.1,91.9,91.8,91.8,91.9,91.8,92,91.9,91.9,91.9,91.8,92,92,92,92.2,92.3,92.5,92.6,93.5,93.7,94.1,94.1,94.8,94.9,94.1,94,94.3,94.8,95.5,95.5,95.8,96.5,96.6,96.4,96.7,97.5,96.6,96.5,97,97.3,97.7,98,98.8,98.7,98.6,98.9,99.5,100.1,99.2,98.8,98.6,98.4,98.6,99.4,99.8,99.4,99,98.9,99.1,99.2,98.4,98.3,98.4,98.4,99,99,99.8,100.3,100.1,100.1,100.2,100.3,99.1,99.3,99.8,100.3,100.5,100.1,100.2,100.0,99.7,100.0,100.4,100.6,99.8,100.2,99.9,100.0,100.7,101.0,102.6,103.9,102.6,102.1,102.4,101.6,100.8,101.0,101.4,102.3,102.7,102.8,103.9,103.0,103.2,103.6,104.3,103.9,103.1,103.1,103.0,102.9,103.5,103.3,104.4,104.8,104.2,103.8,104.7,104.2,104.0,104.1,103.6,103.7,104.3,104.2,105.2,105.3,105.6,106.9,107.5,106.8,105.4,105.1,104.9,105.2,105.8,105.1,105.8,105.5,105.6,106.3,106.6,106.2,105.6,106,106.1,106.4,107.3,108.1,109.8,110.8,111.8,113.2,114.7,116,116.2,117.3,118.6,120.9,122.1,122.4,123.6,125.6,126.6,127.1,128.4,128.8,:
Cyprus,51.82,51.99,53.63,52.99,52.88,51.96,52.3,53.34,53.5,54.34,53.71,53.48,52.71,54.58,55.22,56.88,55.77,55.4,57.42,57.97,55.76,57.3,58.24,57.03,56.73,56.33,56.32,56.07,57.33,57.51,58.69,60.84,61.33,60.22,59,57.94,57.34,56.86,57.01,56.73,57.86,57.01,57.29,57.61,59.52,60.53,60.31,60.76,60.75,60.98,61.41,61.38,61.89,59.79,61.59,61.19,60.8,61.43,62.45,62.39,61.32,61.84,61.87,62.23,62.61,64.16,62.2,64.06,64.83,67.38,66.36,67.98,67.67,67.13,67.02,67.83,66.98,66.53,65.48,68,68.16,68.41,68.48,69.56,68.99,70.66,72.77,71.32,71.24,69.5,68.68,70.61,72.75,72.19,72.67,72.3,73.3,73.34,72.47,72.98,73.46,73.28,73.52,74.15,73.72,74.07,75,76.78,75.51,75.27,74.79,74.41,73.95,73.63,74.12,75.68,77.04,77.33,78.44,76.73,78.17,78.08,78.84,79.21,78.46,78.3,78.05,79.41,81.66,82.38,82.61,82.14,83.14,82.64,83.25,83.98,83.56,81.19,82.03,84.28,85.59,84.31,84.56,85.02,85.69,87,87.41,87.6,87.61,86.07,86.78,88.73,91.61,92.25,91.85,91.33,94.2,93.24,95.35,92.63,93.67,91.97,91.32,88.99,90.18,90.1,92.83,91.27,92.62,93.92,93.39,92.93,91.15,90.55,90.83,94.33,96.54,95.58,92.37,89.93,93.43,95.54,96.06,95.22,95.47,98.21,96.21,96.52,97.29,98.43,101.09,100.36,99.69,99.9,99.99,99.55,99.35,96.16,97.89,101.24,101.77,101.23,100.27,100.83,102.42,101.55,102.19,100.84,100.99,101.4,100.78,100.6,100.9,102.35,98.64,100.27,98.98,99.76,100.11,99.53,100.09,100.81,100.46,99.87,100.6,101.1,100.92,98.14,101.74,101.93,102.45,100.5,100.08,98.08,95.34,97.92,99.28,100.84,101.89,99.96,101.31,99.3,96.62,96.8,99.1,98.15,104.28,102.78,102.25,99.25,99.26,100.64,101.94,101.62,101.27,98.95,100.23,97.91,98.99,99.91,99.76,99.45,99.25,97.27,97.42,98.32,99.22,99.73,101.63,101.57,101.6,103.72,103.62,102.76,102.25,99.01,103.61,103.25,102.42,102.36,101.03,100.8,100.36,100.99,101.9,100.2,101.34,101.12,104.64,104.72,103.24,101.75,104.64,101.78,99.61,101.77,103.89,103.12,104.45,101.47,100.3,101.31,101.75,100.8,101.91,101.85,102.8,108.31,105.33,104.85,103.36,102.57,105.1,110.22,111.96,112.87,112.74,110.22,111.76,113.75,114.95,118.03,118.93,115.52,116.52,120.69,119.66,120.71,122.81,121.91,:
Latvia,44.57,45.62,46.73,46.95,47.04,47.58,46.93,45.68,45.64,45.76,45.93,46.44,47.53,47.63,47.84,47.94,48.23,48.44,47.52,46.45,46.08,46.84,47.36,47.51,48.16,48.32,48.52,48.82,48.71,49.04,47.88,47.21,47.07,47.19,47.46,47.63,48.22,48.17,47.97,47.62,48,48.25,46.84,46.23,46.13,46.87,47.58,47.83,48.33,48.63,48.17,48.17,48.1,48.26,47.63,46.91,46.85,47.13,47.39,47.91,48.73,48.78,49.15,49.57,50.61,51.42,50.72,49.74,50.06,50.13,50.61,51.67,53.07,52.8,52.75,52.42,52.56,52.14,51.29,50.1,50.41,50.93,51.44,52.06,52.89,53.35,53.62,53.63,53.75,54.78,54.06,52.2,51.7,52.08,52.87,53.45,54.58,55.44,56.2,56.53,56.9,57.87,58.57,58.23,57.34,57.21,57.87,58.78,59.55,61.12,61.37,61.69,62.97,63.85,63.22,62.31,62.23,62.7,63.69,63.99,65.27,66.28,65.73,66.1,67.33,67.56,68.95,67.76,67.28,68.14,69.58,70.14,71.71,72.27,73.15,74.18,74.62,76.06,77.39,76.31,77.3,79.96,82.69,84.09,86.5,87.66,88.39,89.57,90.73,91.95,93.23,91.24,91.33,92.11,92.26,92.51,95.73,95.1,93.87,92.26,91.95,91.44,90.71,88.26,87.08,87.26,86.46,86.73,88.27,88.7,89.45,89.87,89.68,90.13,90.84,89.21,90.1,91.37,92.44,93.69,95.68,97.44,97.8,98.81,99.86,99.65,98.76,96.7,97.08,97.54,97.59,98.03,99.16,99.94,100.61,100.88,100.95,101.28,100.32,98.76,98.66,99.87,100.62,101.1,102.12,101.79,102.16,102.25,102.57,103.98,102.86,100.05,99.68,100.49,99.7,100.49,102.27,102.6,101.84,102.8,102.04,102.64,102.07,100.06,99.69,99.34,99.85,99.73,99.57,100.22,100.58,101.28,102.26,100.99,100.14,98.85,98.23,99.1,99.77,99.0,99.26,100.46,100.74,101.37,102.08,101.22,101.06,99.34,100.04,101.18,102.38,103.67,105.42,106.58,106.21,106.73,107.27,107.8,107.72,106.12,105.59,106.6,107.22,107.66,107.55,108.03,107.69,107.23,107.75,107.97,106.79,106.09,106.87,107.69,107.68,108.34,109.07,109.1,110.18,110.61,112.29,112.42,111.24,110.81,109.52,110.56,110.43,111.01,112.86,114.03,114.13,114.32,115.3,113.68,114.29,113.01,111.96,111.84,112.32,112.23,112.78,113.57,113.54,114.91,116.36,115.93,115.76,115.41,116.15,116.85,118.63,120.39,122.71,127.01,130.29,134.92,137.45,141.58,144.01,145.32,148.26,151.44,153.72,155.35,157.37,159.32,161.7,162.38,162.25,162.09,:
Lithuania,55.99,57.95,59.88,61.11,61.31,61.28,60.78,60.42,60.87,61.33,61.96,62.84,65.95,65.89,65.62,65.37,64.99,64.66,64.08,63.4,63.2,63.73,64.3,64.73,65.88,65.76,65.71,65.69,65.79,64.15,63.54,62.71,62.08,62.49,62.69,62.69,63.4,63.36,62.88,62.38,62.17,61.9,61.15,60.69,61.31,61.62,61.52,61.74,61.83,61.38,60.76,60.45,59.99,60.5,60.44,59.95,59.78,59.93,60.21,60.78,61.08,61.79,62.47,62.9,63.16,63.85,63.04,62.85,62.58,62.88,63.16,64.53,65.69,65.25,64.26,63.59,62.75,62.31,61.75,61.03,60.08,60.42,60.34,61.1,60.93,60.49,60.72,60.88,60.58,61.01,59.96,58.96,58.77,59.17,59.63,59.92,59.96,59.84,60.18,60.42,61.65,61.71,62.61,62.06,61.94,61.81,62.06,62.8,62.98,63.37,63.84,63.94,64.47,64.05,63.4,63.26,63.44,63.89,64.46,64.96,65.74,66.05,66.2,66.85,67.56,67.79,68,67.88,68,68.65,69.59,70.2,71.23,71.74,72.16,73.58,73.78,73.92,74.7,74.92,76.55,79.36,80.21,80.96,82.45,83.89,85.05,86.32,87.02,87.67,88.06,88.05,88.44,89.21,89.48,89.73,91.28,91.35,91.15,90.7,90.13,88.61,87.76,86.7,86.73,86.3,86.2,85.82,86.68,86.6,86.83,87.53,88.06,88.01,87.94,87.6,88.57,89.41,89.94,91.07,92.06,93.36,94.52,96.56,97.82,96.98,96.13,94.98,95.43,95.31,95.76,96.04,97.1,97.49,98.62,99.27,98.75,98.59,98.42,97.82,98.26,98.19,98.59,99.18,99.77,99.94,100.33,100.45,101.21,100.92,100.07,99.02,99.74,99.4,99.35,99.6,100.75,101.1,101.27,101.65,101.6,101.41,101.05,99.71,100.63,100.02,100.03,99.66,100.16,100.03,99.6,101.62,101.79,100.43,99.4,98,99.49,100.23,100.09,99.16,100.33,100.68,101.41,103.75,103.16,101.63,100.89,99.79,100.58,100.13,100.6,102.74,103.96,105.05,104.03,104.83,104.35,103.85,103.75,103.77,105.32,105.92,105.66,106.69,107.42,106.72,106.24,107.81,107.42,106.22,105.0,103.68,106.82,106.45,105.67,106.26,107.29,108.2,108.82,110.94,111.04,110.17,110.9,109.9,110.68,110.59,110.59,110.39,112.49,113.12,113.06,115.12,114.47,113.61,111.93,111.36,112.78,111.69,111.02,110.22,112.03,112.2,112.86,115.08,115.7,114.8,114.57,114.8,118.56,119.52,120.41,122.86,125.97,129.44,132.57,140.14,143.82,147.21,148.31,148.99,153.58,158.54,161.79,163.76,166.25,167.35,168.6,169.84,169.88,168.38,:
Luxembourg,64.11,64.04,64.17,64.3,64.37,64.56,64.69,64.69,64.43,64.43,64.37,64.3,64.3,64.24,64.24,64.3,64.56,64.82,65.27,65.4,65.65,65.78,66.04,65.98,66.1,66.17,66.43,66.36,66.62,66.68,67.01,67.26,67.2,67.07,67.33,67.2,67.46,67.26,67.52,67.65,67.71,67.58,67.71,67.58,67.58,67.58,67.71,67.84,67.84,68.04,68.16,68.23,68.49,69.07,69.13,69.39,69.52,69.77,69.97,70.16,70.48,70.53,70.77,71.39,71.77,72.3,72.56,72.95,73.25,73.51,73.68,73.74,74.1,74.21,74.22,74.41,74.97,75.14,75.4,75.34,75.48,75.54,75.78,75.81,75.76,75.9,75.92,76.1,76.32,76.43,76.69,76.69,76.69,77.15,77.23,77.4,77.67,77.71,77.69,77.98,77.93,77.97,78.29,78.04,78.08,77.95,77.89,78.04,78.24,78.71,78.85,79.16,79.16,79.32,79.41,79.55,79.48,79.71,79.72,79.53,80.06,80.15,80.48,80.65,80.73,80.93,81.37,81.53,81.56,81.86,81.97,82.15,82.48,82.52,82.78,82.8,83.13,83.26,83.52,83.63,83.96,85.33,86.06,86.46,86.75,86.99,87.68,87.59,88.07,88.44,88.66,88.78,89.09,89.27,89.14,89.1,89.28,89.46,89.75,89.93,89.73,89.73,89.83,89.36,89.42,89.66,89.67,89.48,89.45,89.56,89.7,90.09,90.23,90.49,90.69,90.9,91.03,91,90.95,91.06,91.58,91.91,92.28,92.23,93.09,92.51,93.18,93.3,93.42,93.13,93.91,93.52,93.39,94.19,94.57,94.69,94.74,95.59,95.55,95.56,95.66,96.19,96.6,96.63,97.11,97.38,97.8,98.32,98.46,99.33,99.09,99.31,99.33,98.93,99.31,99.52,100.11,99.89,99.45,99.87,99.55,99.66,99.51,99.06,99.09,98.95,99.11,98.69,99.66,99.47,99.55,99.49,99.94,100.13,100.05,100.18,100.35,100.2,100.48,100.5,100.82,100.67,100.54,101.23,101.65,101.67,101.82,101.97,101.99,101.32,101.63,102.17,103.15,103.83,103.69,103.62,104.47,104.05,104.68,104.63,104.68,104.65,104.76,104.65,105.11,105.42,105.92,106.07,106.26,106.48,106.74,106.65,107.01,107.06,107.53,106.92,107.7,107.78,107.19,107.55,107.82,108.26,108.43,108.5,108.21,107.93,108.17,108.36,109.31,109.75,110.25,111.78,111.53,111.6,110.83,110.84,111.14,110.9,111.04,110.36,110.8,110.91,111.72,111.5,111.93,111.8,111.81,112.27,112.17,112.34,112.68,112.82,113.89,114.67,116.11,117.46,118.15,119.52,120.32,121.38,121.96,124.19,124.52,125.19,127.25,129.61,131.3,132.1,132.52,132.89,:
Hungary,29.98,30.55,31.03,31.31,31.56,31.66,31.63,31.37,32.1,32.67,32.89,33.18,34.48,34.98,35.24,35.77,36.79,38.43,37.61,37.2,37.8,38.43,39.26,39.92,41.03,41.69,42.23,42.93,44.1,43.97,42.71,41.73,41.69,41.76,41.79,41.82,42.55,42.83,42.77,42.77,42.96,43.28,42.83,42.2,42.52,42.99,43.31,43.85,44.73,44.92,44.89,45.15,45.53,45.72,47.43,47.71,48.41,48.47,48.72,49.05,50.65,51.4,52.02,52.32,53.59,53.97,53.83,53.18,53.19,53.57,53.68,53.49,54.88,55.53,55.75,56.27,56.85,55.56,54.77,53.95,54.35,54.74,54.85,54.73,55.76,56.49,56.6,56.15,56.23,56.13,55.23,54.5,54.92,55.9,56.9,56.82,58.5,59.08,59.22,59.15,60.17,60.17,59.73,58.85,58.45,58.59,58.79,58.75,59.01,59.06,59.42,59.85,61.3,61.95,61.15,59.66,59.45,59.47,60.07,60.49,60.92,61.64,62.54,63.2,65.1,65.77,65.38,64.88,66.77,67,68.15,68.38,69.36,69.95,70.38,71.15,72.51,72.71,71.97,71.98,73.78,75.47,76.67,77.26,78.82,79.35,79.59,80.88,82.67,82.24,81.27,79.82,79.61,79.81,79.81,79.94,81.98,82.99,83.61,83.87,88.74,87,84.84,81.92,81.2,81.27,81.79,81.55,83.66,83.92,84.76,85.19,86.29,87.09,87,84.99,84.56,86.01,87.14,87.7,89.66,90.89,93.09,94.28,94.64,93.5,92.08,90.82,90.22,90.64,91.86,91.93,94.77,96.6,97.44,98.22,98.9,98.25,97.5,96.36,97.19,97.9,98.74,98.82,100.58,100.55,100.66,101.49,102.09,102.4,100.71,99.53,98.96,99,98.87,98.44,99.91,100.16,100.19,100.48,100.77,100.53,99.8,98.93,98.79,98.6,98.23,97.41,98.78,99.43,99.84,100.54,101.63,101.5,100.29,99.4,99.17,100.03,100.02,99.35,99.8,100.34,100.07,101.01,101.15,100.52,100.02,99.71,99.63,100.04,100.43,100.42,100.99,102.1,102.03,102.69,103.83,103.83,103.49,102.84,102.62,103.2,103.76,103.79,105.49,105.95,106.15,106.88,107.69,106.99,106.84,106.79,107.25,107.79,108.07,108.36,109.47,111.18,111.64,112.13,113.15,112.93,113.01,112.36,112.34,113.2,113.69,114.54,116.97,118.91,120.15,122.06,122.93,121.91,121.88,121.27,120.5,120.4,120.45,119.59,120.9,122.25,122.69,124.11,125.04,124.78,124.69,124.83,125.01,125.93,126.97,128.83,133.09,136.18,139.07,144.1,149.28,153.53,160.53,166.13,171.96,180.05,186.84,190.52,195.53,198.67,201.39,200.43,200.18,198.7,:
Malta,56.83,57.83,59.06,59.63,59.37,58.71,58.1,58.73,59.42,59.41,59.18,58.89,59.08,59.44,59.58,59.87,59.44,59.62,59.63,59.84,60.42,60.94,61.38,62.64,62.54,62.51,62.51,61.95,61.76,60.93,60.56,60.87,60.84,61.15,60.76,61.19,61.54,61.9,61.52,61.28,60.97,60.65,60.97,61.38,61.49,61.74,61.18,62.11,63.04,62.94,63,62.19,61.5,60.42,60.84,61.7,61.92,62.21,62.41,61.93,62.22,62.73,63.46,63.74,63.45,63.88,64.94,66.13,66.21,65.1,65.65,66.54,66.69,65.82,65.77,65.8,65.59,65.31,65.35,66.17,66.03,66.23,65.88,65.87,66.65,67.85,68.06,66.94,66.99,66.2,65.07,66.33,67.03,68.82,68.09,68.56,69.11,68.6,68.42,67.26,66.18,65.35,65.79,67.25,65.82,65.94,67.36,67.6,68.36,69.87,68.79,68.02,68.66,67.79,66.57,67.07,67.7,68.83,68.71,68.31,68.87,68.78,69.92,70.34,70.1,68.47,68.99,68.52,70.01,70.6,71.38,70.53,70.73,70.25,70.73,70.82,70.74,70.18,71.12,72.34,74.67,75.24,76.47,75.94,76.43,76.61,77.31,76.74,76.75,76.22,76.74,77.17,79.15,81.95,81.02,82.7,82.57,84.56,86.03,84.48,84.31,82.97,81.13,82.05,82.85,83.1,82.86,82,82.99,82.95,83.39,83.27,82.82,82.59,82.95,84.26,85.67,85.78,86.42,86.63,87.98,87.29,87.17,87.12,88.01,87.18,86.17,87.49,88.04,90.59,91.28,91.25,92.15,93.22,92.82,92.01,92.67,91.87,91.1,91.6,93.35,95.46,96.66,96.86,97.13,97.53,97.12,97.37,97.38,97.16,97.01,97.41,97.5,97.32,97.5,98.66,97.81,97.69,97.66,97.77,98.09,96.86,96.82,97.15,97.14,97.41,98.84,98.52,99.96,100.03,100.06,100.17,99.72,99.07,99.13,99.52,100.05,100.35,100.88,101.04,100.91,100.57,101.01,101.5,101.95,101.07,101.19,102.11,102.46,102.52,103.42,104.62,106.11,104.98,104.77,104.49,103.84,103.16,103.44,103.81,104.32,104.83,105.72,105.66,106.52,105.71,105.76,105.73,105.47,105.07,105.72,106.25,107.75,109.05,109.47,109.42,110.07,109.77,109.46,109.71,110.02,108.91,109.09,110.12,110.96,110.59,110.87,111.79,112.82,112.33,111.95,113.22,112.7,112.5,111.88,112.63,112.81,113.45,113.76,113.18,112.96,112.28,112.8,114.16,114.42,114.84,115.1,116.02,116.81,116.88,118.33,118.78,120.75,121.69,122.64,124.43,126.35,126.57,128.67,129.11,130.75,133.54,134.19,134.78,134.93,137.7,138.48,138.67,140.14,141.5,:
Netherlands,74.79,75.02,76.36,76.21,75.09,74.57,74.49,73.22,73.6,73.9,73.9,74.49,76.21,75.46,74.94,75.02,75.91,75.84,75.84,75.69,75.91,75.99,76.81,76.43,76.73,76.81,77.4,77.85,77.93,77.4,77.7,77.11,77.33,77.25,77.85,78.45,78.9,79.2,79.57,79.2,79.2,78.6,77.63,77.78,77.7,77.7,78.15,78.22,78.52,77.93,78.22,78.75,79.12,79.05,78.75,79.2,79.2,79.79,80.31,80.54,81.52,81.96,83.66,85.08,85.76,85.26,85.13,85.13,85.7,85.99,85.43,85.85,87.96,87.88,88.24,88.08,88.19,87.54,87.86,87.25,88.37,87.09,86.37,86.96,87.45,87.87,88.71,89.2,89.07,89.34,89.12,89.49,90.15,88.96,87.73,86.8,87.06,86.82,86.42,86.21,86.21,86.01,85.61,84.88,84.95,84.46,83.76,84.17,84.15,84.9,85.38,84.41,84.89,84.81,84.29,84.67,83.54,83.94,84.31,84.53,85.31,85.64,85.79,85.9,85.57,85.86,85.55,86.46,86.62,85.53,86.15,86.31,86.68,86.84,86.74,87.11,86.7,86.83,86.75,86.63,86.91,87.58,88.7,89.29,90.07,90.46,91.23,91.73,92.14,92.55,92.78,92.59,92.78,93.02,93.12,93.47,93.82,94.35,94.52,94.48,94.03,93.77,92.85,92.22,91.68,91.94,91.88,92.44,91.95,93.03,93.17,93.5,93.03,93.13,93.51,93.37,92.9,92.97,92.98,93.38,92.72,94.34,94.85,95.57,95.59,95.9,95.75,95.42,95,95.32,95.42,95.76,94.84,96.97,96.84,96.92,96.81,97.34,97.04,96.67,96.59,97.68,97.71,99.25,98.42,99.77,100.12,99.67,100.17,100.21,100.16,99.5,98.76,98.55,98.19,99.33,99.04,99.66,99.79,99.88,99.48,99.37,99.7,99.23,98.89,98.97,99.02,99.36,98.46,99.66,99.58,99.98,100.06,99.98,100.38,100.81,100.34,100.25,100.14,100.34,99.71,100.76,101.08,101.22,101.33,101.54,101.05,101.02,100.41,100.66,100.93,101.65,101.2,102.86,102.94,103.03,103.8,104.27,104.29,104.59,104.09,104.09,104.09,104.18,103.46,104.64,103.63,104.01,104.41,104.19,104.4,105.01,104.63,104.55,105.02,105.24,106.57,107.7,107.33,107.73,108.05,108.83,109.45,110.06,109.65,109.59,109.51,109.13,108.48,109.77,110.7,111.43,111.46,111.75,111.52,111.09,110.96,110.78,110.35,109.78,109.07,110.1,109.23,109.1,109.84,110.05,110.56,111.2,110.92,111.07,111.66,112.63,113.89,115.65,116.18,118.21,119.97,122.28,124.09,125.67,124.96,126.42,128.89,131.55,133.6,136.39,136.89,136.63,137.75,138.15,:
Austria,68.07,68.2,68.95,68.61,68.34,68.54,68.2,67.12,66.85,67.46,67.39,67.53,67.93,68.41,68.82,69.09,69.09,69.16,69.16,68.61,68.41,69.02,69.36,69.36,70.04,70.31,70.99,71.06,71.06,70.58,70.58,69.63,69.43,69.7,70.04,69.77,70.17,70.65,70.51,70.45,70.38,69.16,68.68,68.2,68.34,69.16,69.77,69.9,70.72,71.26,70.92,71.19,70.92,70.65,70.45,70.17,70.24,70.31,70.72,71.06,72.27,72.48,72.71,73.02,73.6,73.35,72.81,72.52,73.13,73.46,73.27,73.61,75.52,74.71,74.53,74.35,74.09,73.17,72.83,73.15,73.23,73.94,73.85,73.83,75.34,74.8,75.37,75.07,75.03,74.59,74.3,74.39,74.66,75.14,75.97,75.83,76.82,76.33,76.57,76.42,76.67,76.72,76.24,75.86,75.44,75.73,75.95,77.04,77.5,77.9,78.26,77.38,77.05,77.32,76.38,76.22,76.37,76.72,76.98,77.73,77.88,78.22,77.71,77.71,78.18,78.06,78.01,78.28,78.57,78.22,78.9,79.73,80.18,79.86,80.13,80.88,81.06,80.72,80.83,81.4,81.36,83.12,83.97,85.3,86.15,86.34,86.3,86.63,86.98,86.24,86.59,86.67,86.58,87.17,87.48,87.91,88.48,88.38,87.71,87.43,87.05,86.61,86.29,86.15,86.04,86.37,86.83,86.37,87.07,86.74,87.29,87.54,86.8,86.97,86.88,87.23,87.16,87.81,87.82,88.36,89.83,90.54,91.51,91.83,91.21,90.84,90.9,90.71,90.99,91.59,91.94,91.89,93.1,93.56,94.14,93.32,93.39,93.65,93.9,94.12,94.22,94.62,95.43,96.47,96.88,96.81,96.67,97.2,97.64,97.63,97.31,97.03,97.01,97.75,97.95,98.71,99.3,99.3,98.92,99.08,99.44,99.13,99.03,98.87,98.94,99.19,99.39,99.59,99.85,99.9,100.23,100.39,100.52,100.15,99.92,99.65,99.81,99.7,99.82,100.07,100.39,100.84,100.88,101.29,100.8,100.42,100.45,100.45,100.23,100.78,100.91,101.0,102.19,103.1,102.43,102.23,102.83,102.59,102.66,102.94,103.26,103.96,104.09,104.22,104.2,104.25,104.23,104.35,104.73,104.68,104.68,104.2,104.53,105.11,105.08,105.05,105.46,105.43,105.85,105.68,105.85,105.68,105.98,105.94,105.43,105.9,105.6,106.04,106.76,107.43,107.85,108.56,107.28,108.65,108.69,108.39,108.4,108.71,108.44,109.09,105.54,108.96,109.05,108.59,109.1,108.61,108.74,108.91,109.06,109.82,110.09,110.79,110.73,113.63,115.35,117.56,118.87,120.89,121.93,123.21,124.17,125.61,126.97,128.69,129.56,132.08,132.05,133.11,133.4,134.36,:
Poland,47.5,48.4,49.5,50.9,51.4,51.7,50.9,50.6,52.3,53.4,54.2,55.2,55.9,56.1,56.3,56.8,57.1,59.1,57.7,57.4,57.7,58.5,59.5,60.6,61.4,62,62.3,62.9,63,63.2,61.9,60.6,60.9,61.2,61.5,61.9,62,62,62.3,62.7,63.1,62.7,61.1,61,62.5,63.7,64.7,65.7,66.6,67.4,68,68.5,68.7,69.1,69.5,68.7,69.7,70.2,70.5,71.2,71.6,71.5,71.9,73.2,74.7,74.2,71.8,70.5,71.1,71.7,71.9,72.5,73.4,73.5,73.8,74.2,73.5,72.4,70.2,69.1,69.7,70.5,70.3,70.5,70.8,70.7,71,71.5,71.8,71.7,70.2,68.8,69.9,71,71.6,72,72.4,72.6,73.2,74.8,75.2,77.3,76.5,75.2,75.5,76.4,77,77.5,77.4,77.1,77.3,77.6,78.3,77.4,76,75.6,76.1,76.8,76.5,76.5,76.7,77,76.8,77.3,78.3,77.4,76.3,76.8,77.3,78,78.1,77.9,78.8,79.3,80,80.7,81.7,80.9,79.6,79.1,81.1,82.5,83.8,84.1,85,85.2,85.5,86.1,87.1,86.6,85.7,84.3,84.8,85.5,86.1,86.8,87.7,88.2,89.8,91.3,91.9,90.9,89.8,88.6,88.4,88.7,89.3,89.8,90.6,90.8,91,91.7,92.3,92.7,91.7,90.5,92.1,93,93.2,93.3,94.9,95.6,97.6,98.4,99.6,97.7,96.1,94.7,94.6,95.6,96.7,97.6,99.1,99.8,100.9,101.1,102,102.8,100.9,99.7,99.6,100.1,100.6,101.3,102.6,102.4,102.5,102.9,103.5,103.3,103.1,101.9,102,101.9,102.1,102.7,104.2,104,103.7,103.2,102.8,102.4,101.3,99.8,99.9,99.7,99.6,99.6,100.3,100.3,100.2,100.7,100.6,100.7,99.7,99,99.6,100,99.6,99.5,100.6,101.0,101.5,101.9,101.8,102.1,100.7,100.0,99.7,100.2,100.6,101.8,103.8,104.9,104.4,104.3,105.0,105.2,104.6,103.7,104.0,105.1,106.0,106.7,108.1,107.7,107.5,107.9,107.6,107.3,106.4,105.5,106.1,106.7,106.7,107.7,108.9,110.0,110.4,111.4,112.9,113.3,113.7,113.3,113.0,113.4,113.7,114.9,117.0,118.0,118.9,119.4,119.7,119.5,117.5,116.1,115.6,115.6,115.5,115.5,118,118.8,119.6,120.8,121.5,121.4,120.8,120.3,120.5,121,122.5,125.2,128.5,127.4,130,134.9,136.4,137.1,137.7,140.1,142.4,146.4,148.6,150.9,154.3,157.5,161.5,162.3,163.5,163.1,:
Portugal,72.47,72.91,72.99,74.32,74.91,74.17,74.39,74.68,74.39,73.58,73.21,73.73,74.09,73.58,73.21,73.21,74.46,73.5,73.28,74.32,73.87,73.5,74.39,74.98,75.5,75.64,75.79,76.46,76.82,76.9,77.12,77.49,76.9,76.97,76.97,77.78,77.93,78.08,78.82,79.41,78.37,78.6,78.23,78.52,78.45,77.86,77.86,78.23,78.45,78.6,78.37,79.11,78.97,79.92,80.59,81.55,80.81,80.74,81.18,82.06,83.02,83.9,84.84,84.79,85.72,86.14,86.45,86.25,85.55,85.04,85.27,85.68,86.69,86.46,86.53,86.66,86.32,86.41,86.48,86.63,86.02,86.29,86.6,86.49,87.79,88.28,87.65,88.13,88.48,88.38,88.02,88.99,89.06,89.09,88.71,88.6,89.29,89.13,89.45,90.13,90.04,89.63,90.41,89.81,89.14,88.81,88.44,88.78,88.61,88.54,89.01,88.99,89.18,88.44,88.64,89.2,88.76,88.46,89.14,89.94,90.09,90.1,90.16,90.61,91.48,91.86,91.45,92.03,91.51,91.61,92,92.68,93.78,93.32,92.88,93.74,93.53,93.18,93.02,93.52,93.13,93.86,94.04,94.28,95.59,95.46,96.27,96.61,97.09,98.54,98.38,98.14,97.53,97.1,96.63,96.54,96.94,96.38,95.83,95.37,94.54,93.46,92.36,91.92,91.83,91.74,91.84,91.61,92.42,92.29,92.34,92.73,92.79,93.53,93.79,94.33,94.14,94.28,94.22,94.21,94.51,94.48,94.83,94.93,95.1,95.07,95.4,95.62,95.84,96.33,96.16,96.29,97.64,97.74,97.6,97.62,97.61,98.25,99.26,98.75,98.65,99.4,99.33,99.38,99.88,99.69,99.7,99.59,100.63,101.03,101.67,101.63,100.51,99.86,99.85,99.98,100.08,99.64,99.29,98.67,98.3,98.48,98.59,98.43,98.33,99.24,99.33,99.6,99.95,99.65,99.57,99.83,100.34,100.39,100.09,100.11,100.27,100.5,99.69,99.6,100.16,99.03,98.84,99.92,100.23,101.41,101.74,101.93,101.27,100.95,100.17,100.21,101.49,101.39,101.5,101.9,102.32,101.64,102.07,102.31,102.41,102.29,102.61,102.51,102.97,101.84,101.81,102.83,103.04,102.9,103.28,103.23,103.26,102.61,102.91,102.83,103.23,103.15,103.01,102.68,103.23,103.32,103.24,103.21,103.17,103.15,103.22,102.99,104.03,104.01,104.25,106.58,105.5,106.59,105.94,105.52,105.2,105.65,105.32,104.54,105.06,104.9,105.03,105.74,106.08,106.42,106.57,106.16,105.89,106.16,106.75,107.55,108.96,109.81,112.64,116.59,119.17,120.48,121.4,122.46,123.31,125.92,128.08,128.99,131.39,133.4,134.69,134.55,130.4,130.8,:
Romania,4.39,4.48,4.54,4.66,4.99,5.02,5.29,5.39,5.51,5.71,6.02,6.66,7.34,9.24,12.22,12.89,13.25,13.39,13.31,13.82,14.11,14.98,15.61,16.54,17.26,18.58,19.03,19.4,19.51,19.47,19.23,18.97,19.46,19.75,20.08,20.57,21.05,21.56,22.56,23.72,24.45,24.53,24.2,24.17,25.06,25.92,26.82,27.95,29.9,30.82,31.54,32.26,32.88,34.11,35.93,36.34,37.44,38.6,39.73,40.94,42.53,43.86,44.96,46.43,47.29,48.24,48.27,48.57,49.27,50.18,50.76,52.08,53.41,53.77,54.01,55.26,56.54,57.39,56.78,56.9,56.9,57.41,58.68,60.27,61.21,62.24,63.03,63.86,64.01,64.77,65.49,64.95,65.07,65.83,67.28,68.5,68.75,69.32,69.79,69.98,69.97,70.24,70.78,70.89,71.39,72.02,72.65,73.5,73.79,74.14,74.34,74.36,74.44,74.74,74.89,74.86,74.97,75.9,76.84,77.68,77.93,78.36,78.7,79.06,79.1,78.72,77.7,77,76.46,76.49,77.51,78.42,78.65,78.62,78.57,78.96,79.14,79.4,79.86,81.24,82.87,83.97,84.98,85.79,86.49,86.82,87.31,88.26,88.73,89.02,88.39,88.56,88.86,89.89,90.57,91.05,91.71,92,92.36,92.38,92.32,92.14,91.66,90.65,90.49,90.63,91.01,91.33,91.73,91.95,92.11,92.12,92.03,91.97,93.72,94.08,94.87,95.68,96.55,97.31,98.45,100.23,101.44,102.39,102.6,101.19,99.15,97.72,96.52,97.32,97.86,98.21,98.54,99.99,100.77,100.59,100.63,100.36,100.49,101.34,103.99,103.9,104.18,105.07,106.72,107.13,107.04,107.04,108.16,106.99,104.64,103.57,101.88,102.67,102.55,103.47,104.63,105.09,104.96,104.84,104.7,103.69,103.29,102.01,102.13,102.92,102.58,102.96,103.75,104.5,104.9,105.36,106.47,97.56,95.93,94.88,96.05,96.68,96.8,97.11,97.75,98.15,98.15,97.71,98.42,97.45,97.36,97.2,96.39,97.07,97.34,97.67,98.82,99.65,99.93,100.08,100.76,100.37,99.79,98.56,99.19,100.77,101.26,101.77,102.54,103.27,103.88,104.09,104.88,104.51,103.35,103.1,104.24,105.15,104.73,105.66,107.46,109.27,109.94,110.83,111.9,110.91,109.75,109.23,108.94,109.86,110.34,111.42,112.68,113.5,115.48,117.25,117.59,116.86,116.07,115.36,114.41,114.52,114.35,114.69,115.47,116,116.46,116.96,118.42,118.62,118.07,117.84,119.1,120.5,121.49,122.59,124.1,126.82,130.25,133.89,136.31,136.76,137.85,140.35,142.76,146.32,148.55,150.44,152.64,155.64,158.95,160.7,161.88,161.44,:
Slovenia,44.02,45,46.2,47.36,47.55,47.27,47.04,45.55,45.55,46.71,46.94,47.45,48.8,49.36,49.31,49.73,51.03,50.56,50.66,50.47,50.38,50.38,51.49,52.23,53.81,54.18,54.55,54.78,56.13,55.34,55.02,54.32,53.81,53.99,54.13,54.27,55.71,56.04,55.99,56.13,57.01,56.5,56.41,56.18,56.92,56.96,57.38,57.89,59.14,59.65,59.61,59.56,59.56,58.96,59.24,59.33,60.07,60.16,60.58,61.17,62.18,62.94,63.8,64.55,65.81,65.55,66.2,66.05,67.05,67.02,66.73,67.51,69.69,70.47,70.44,70.83,70.86,70.04,69.76,69.68,70.47,70.28,70.63,70.76,71.57,72.68,73.77,73.7,73.89,73.28,73.78,73.57,73.61,73.35,73.58,73.29,74.66,74.15,75.1,74.49,74.77,74.46,73.85,72.85,71.99,71.25,71.93,72.1,72.73,73.65,74.63,72.79,73.25,72.07,71.71,71.58,71.83,71.64,72.25,72.52,73.59,73.83,73.64,73.38,74.57,74.09,73.82,74.53,74.7,74.16,75.16,75.38,76.74,76.2,76.76,78.12,79.13,79.16,79.24,79.34,81.48,83.36,83.44,84.59,86.66,86.39,86.34,86.98,88.36,87.83,88.54,87.12,87.4,87.82,88.06,87.81,89.58,88.85,88.7,88.63,88.74,87.75,87.33,86.72,87,86.55,87.16,86.65,87.32,87.83,87.92,88.31,88.78,88.93,89.49,88.92,88.58,87.8,88.5,88.34,90.68,91.39,91.38,92.23,94.74,93.13,91.8,91.98,92.14,92.55,92.49,92.33,93.79,94.76,94.74,96.1,97.22,96.08,95.83,95.71,96.2,96.81,96.83,97.13,99.26,98.92,98.86,99.82,101.61,101.13,100.27,100.15,100,99.22,99.02,99.27,101.04,100.08,99.45,99.82,100.95,100.23,99.36,98.65,99.61,98.73,98.69,97.89,99.46,99.35,99.6,100.31,101.42,100.78,100.54,100.15,100.33,99.48,99.28,99.29,99.47,99.72,100.05,99.96,101.05,101.55,101.43,101.15,101.08,101.09,100.22,100.56,102.04,103.39,102.3,101.0,103.4,102.75,103.17,102.7,103.05,103.01,103.08,103.68,105.12,105.44,105.75,105.14,107.14,106.29,105.33,105.26,105.56,105.77,105.26,104.45,106.09,106.32,106.21,106.1,108.17,108.71,108.63,108.45,107.61,107.42,107.69,107.78,109.62,110.44,110.53,111.0,113.05,111.52,111.66,111.8,111.24,110.54,109.22,108.49,109.38,109.89,109.85,110.61,110.71,110.99,110.51,110.44,111.2,111.07,110.51,112.8,114.45,116.78,117.46,120.8,122.56,124.49,124.78,125.72,127.29,130.34,131.7,133.95,136.87,138.82,140.43,140.31,141.41,140.63,:
Slovakia,57,56.6,56.55,56.71,56.87,56.22,56.61,56.91,58.31,58.89,59,59.08,60.08,60.35,60.8,60.97,60.4,60.72,60.24,60.14,60.17,60.84,61.31,61.94,63.19,63.96,63.84,64.25,65.18,65.12,64,63.39,63.77,64.36,64.66,64.73,65.57,65.64,65.31,65.18,64.75,64.77,65.92,65.98,66.61,66.89,67.19,67.6,69.25,69.75,69.42,69.08,69.1,68.58,68.19,68.4,69.31,70.01,70.64,71.21,72.14,72.06,72.78,73.31,73.69,74.2,73.81,73.29,73.26,73.35,73.04,73.61,74.85,75.44,75.31,75.21,75.2,74.1,72.73,72.78,73.43,73.37,73.43,73.49,76.38,76.77,76.61,76.43,76.67,76.85,75.55,75.45,76.18,76.7,77.24,77.54,80.96,81.06,80.73,80.01,80.33,80.48,80.93,80.26,79.94,79.8,79.42,79.25,80.45,80.26,80.01,79.92,80.49,81.34,80.11,78.95,78.53,78.44,78.69,78.87,79.98,80.47,80.8,81.16,82.71,83.11,82.01,80.8,80.73,80.59,81.3,81.57,83.33,83.76,83.67,84.53,84.93,84.58,83.48,82.68,83.37,85.78,86.78,87.44,89.28,89.77,90.03,91.1,92.04,92.68,91.57,90.58,89.83,89.79,89.45,89.29,90.11,89.96,89.14,88.07,88.3,87.61,86.32,85.22,85.04,84.58,84.9,84.7,86.91,87.5,87.79,88.77,88.95,88.72,89.01,88.34,88.32,88.01,89.13,89.81,92.18,93.21,93.89,94.56,95.53,95.02,93.84,93.02,92.89,93.1,93.56,93.51,95.28,95.59,97.36,97.28,97.75,98.95,98.35,97.59,97.72,98.6,98.81,98.88,101.01,100.93,100.68,101.17,101.9,103.05,102.43,101.27,100.86,100.45,99.97,99.1,101.87,101.54,101.21,100.37,101.47,101.39,100.52,99.62,99.35,98.92,98.8,98.63,99.88,99.6,99.92,100.49,101.62,101.7,100.33,99.61,99.59,99.64,99.33,98.29,97.59,97.93,97.81,98.01,97.45,97.78,97.19,96.61,96.26,96.47,96.96,97.1,98.96,100.25,99.65,99.82,100.88,101.18,101.25,100.87,101.34,102.43,103.3,103.35,105.65,104.87,105.3,105.61,105.45,106.0,104.86,104.47,105.12,104.82,104.31,104.24,107.36,107.48,108.59,108.65,109.53,110.17,109.82,109.89,110.32,109.8,109.83,109.67,112.07,112.41,112.61,113.37,114.82,113.05,112.17,111.02,110.49,110.88,110.85,110.33,111.53,111.78,111.55,112.13,113.92,114.63,115.11,114.98,115.18,115.25,115.85,116.73,120.55,122.5,124.66,127.68,132.13,135.14,137.04,139.1,142,145.29,148.05,149.53,153.75,156.54,159.8,160.18,160.82,160.73,:
Finland,68.19,68.74,69.15,69.22,69.5,69.15,69.5,68.67,68.47,67.92,67.78,67.78,68.54,68.54,68.88,69.15,69.84,69.36,70.32,70.12,70.25,70.46,70.46,70.32,70.6,70.8,70.87,70.87,71.49,71.56,71.35,71.35,71.01,70.53,70.12,70.05,70.87,71.01,70.6,70.87,71.63,71.49,70.94,70.12,70.05,70.18,69.77,69.91,70.32,71.28,71.28,71.28,71.56,71.56,71.42,71.21,71.42,71.35,71.63,71.76,72.93,72.97,73.38,73.42,74.83,74.97,74.92,74.87,75.18,75.23,74.92,75.6,78.16,77.5,78.01,76.78,77.67,76.91,77.31,75.93,75.56,75.55,75.4,75.91,77,77.68,77.68,77.64,77.07,77.17,77.13,76.3,77.06,76.9,77.12,77.5,78.42,78.12,78.16,78.16,77.7,77.48,78.3,77.43,77.64,77.27,77.08,77.71,78.52,79.18,79.13,78.64,78.34,77.91,77.96,77.33,77.07,76.91,77.29,77.94,78.54,79.7,79.23,79.45,79.25,79.03,78.91,78.86,78.96,79.11,79.65,79.78,80.82,80.97,80.77,81.78,80.34,79.92,80.88,80.08,80.54,80.73,81.81,81.55,85.52,85.74,86.69,86.94,87.98,87.05,87.9,87.7,88.74,88.92,90.17,90.3,91.53,92.13,92.02,92.03,90.61,90.95,90.18,89.42,89.48,84.47,85.93,86.15,86.06,86.42,86.6,86.89,85.2,85.27,85.02,85.19,86.26,87.06,87.82,88.43,89.43,91.4,91.7,91.73,91.02,91.39,90.55,90.5,91.3,91.73,92.88,93.22,94.61,95.88,96.29,96.32,95.69,95.87,95.96,95.95,96.83,97.49,98.29,99.07,99.45,101.66,102.15,102.75,102.98,102.14,102.32,101.03,100.83,101.18,101.78,102.68,103.34,103.33,102.52,102.2,101.46,101.6,101.46,101.12,101.68,100.97,101.4,101.7,101.89,100.89,100.92,100.56,100.14,99.94,98.76,98.69,98.73,99.64,100,99.85,99.62,99.29,99.4,99.68,98.52,98.32,98.76,98.2,98.15,98.38,99.22,99.3,97.2,98.74,97.72,97.93,97.52,97.33,97.29,98.11,97.71,98.01,98.95,99.23,98.68,99.98,100.21,99.58,99.84,99.62,99.26,99.86,100.45,100.58,100.05,100.34,100.72,102.02,101.11,101.59,100.33,100.7,99.98,101.57,100.72,100.95,101.19,102.12,102.53,103.37,102.91,102.64,102.72,103.12,102.92,102.47,102.74,102.68,102.72,102.31,102.9,103.22,103.37,103.52,103.2,102.75,102.9,102.96,103.32,103.7,104.3,104.01,106.19,107.85,108.66,109.69,112.54,113.95,115.66,115.83,118.31,120.02,121.07,120.68,122.58,125.4,126.26,124.72,125.02,124.46,:
Sweden,72.04,72.23,73.33,73.53,73.53,73.42,74.33,73.37,72.42,71.9,71.15,71.47,72.09,72.33,72.21,73.08,73.64,74.22,74.57,74.19,74.08,73.67,73.21,73.16,73.49,73.6,73.65,74.35,74.88,75.13,75.38,75.15,74.18,74.16,74.25,74.26,75.33,75.4,75.64,75.66,76.03,76.17,75.29,75.28,74.99,75.13,75.02,74.88,75,75.71,75.74,75.78,76.17,76.15,75.89,75.89,75.72,75.55,75.4,75.65,75.74,76.15,76.95,77.8,79.1,78.78,78.71,78.81,78.77,79.46,78.96,79.52,81.23,80.81,81.89,81.43,81.35,81.01,81.02,81.19,80.91,80.81,79.81,80,80.67,81.37,81.96,81.65,81.12,81.18,81.6,81.79,82.13,81.74,80.97,81.16,81.58,81.45,81.98,81.76,81.77,81.55,81.48,81.39,81.17,80.96,80.21,80.56,80.81,82.13,81.22,80.99,81.39,80.93,80.51,80.34,80.25,79.96,80,79.98,80.38,80.93,80.98,80.83,82.13,81.34,81.79,81.67,82.02,81.49,81.65,81.38,82.1,82.17,82.38,83.1,82.36,82.21,82.93,82.89,82.7,83.71,84.64,85.29,86.47,87.03,88.02,88.48,88.89,88.81,89.56,89.08,89.29,89.67,89.83,90.36,91.24,91.76,92.05,91.86,91.6,91.38,91.58,91.44,90.81,91.09,91.09,91.1,92.39,92.61,92.96,92.91,92.47,92.36,92.2,92.39,92.39,92.35,92.91,93.38,93.26,94.13,94.22,94.16,93.87,93.58,93.99,94.17,93.52,93.52,93.5,94.01,94.25,95.07,95.35,94.7,95.09,95.89,95.48,95.3,94.97,95.19,95.32,95.74,96.4,96.81,96.96,97.37,97.95,98.11,98.3,97.55,97.55,96.71,96.78,96.72,96.82,97.47,97.26,97.12,97.64,97.9,98.71,98.17,97.56,97.94,98.04,98.26,98.24,99.07,99.17,99.69,100.4,99.86,100.72,100.85,100.61,100.87,100.46,100.05,100.48,100.77,101.24,101.33,101.37,100.44,101.73,101.27,100.74,101.17,101.15,101.72,102.22,102.88,102.92,102.85,102.94,102.8,103.95,103.86,103.5,103.74,103.76,104.73,104.69,104.89,105.14,105.55,106.21,105.35,106.73,106.31,106.8,106.25,106.02,106.75,106.37,107.88,108.65,108.45,108.56,108.62,110.91,109.93,109.79,109.26,109.58,109.61,109.08,110.55,111.33,112.18,112.69,111.49,112.6,112.14,110.77,110.83,110.83,110.69,111.26,110.81,111.35,111.77,111.73,111.25,112.44,112.62,111.85,112.29,112.06,112.78,113.75,115.55,118.31,119.53,122.01,124.04,128.03,128.76,130.25,132.07,132.81,133.72,136.81,140.54,142.26,140.76,140.13,140.45,:
Iceland,44.65,44.79,45.2,45.51,45.7,45.42,45.33,46.11,45.88,46.24,46.29,45.56,45.83,45.88,45.65,47.43,46.84,46.56,46.61,47.11,47.38,48.07,47.75,47.56,48.11,48.34,48.48,48.43,48.93,49.07,48.02,47.79,47.88,47.79,47.56,47.52,48.75,49.07,49.16,49.07,49.48,49.16,49.02,50.43,50.43,50.84,50.66,50.75,51.39,51.62,51.71,51.67,52.3,51.8,52.12,51.85,51.39,52.08,52.08,51.53,52.3,52.28,52.32,54,54.68,55.53,56.35,56.71,56.89,57.57,57.9,57.64,59.5,59.36,58.69,57.67,57.45,57.72,57.55,56.65,57.2,57.35,56.53,55.83,56.57,56.52,56.41,56.21,55.86,55.99,55.55,55.5,55.55,56.14,56.32,56.04,56.77,56.36,55.96,55.69,56.11,56.51,56.71,56.83,56.83,57.08,57.09,57.6,57.9,57.49,56.04,54.57,52.22,53.31,53.66,54.11,55.19,56.09,55.97,56.16,57.35,57.62,57.68,57.94,57.59,59.71,60.6,61.04,61.99,61.48,61.35,61.07,62.32,62.42,57.78,57.27,57.99,57.73,57.95,58.05,58.43,59,58.73,59.6,60.92,61.49,61.7,65.62,66.85,67.26,68.73,69.99,70.4,73.43,76.04,77.6,79.01,79.19,78.45,77.92,78.51,79.42,79.56,80.54,81.81,82.71,83.05,82.79,83.62,84.02,83.76,84.7,84.11,82.83,82.84,83.3,83.25,83.81,83.5,83.67,84.87,85.57,85.36,84.85,85.57,86.56,87.16,87.85,88.38,88.26,87.8,89.28,90.13,90.17,90.36,91.25,91.22,92.19,93.36,92.41,92.57,93.14,93.88,94.08,94.92,95.65,96.15,96.52,96.4,96.76,96.84,97.37,97.23,97.49,97.56,98.03,98.36,97.65,97.47,96.87,97.12,96.97,96.95,97.2,97.17,97.15,96.69,97.05,99.62,98.9,98.81,98.72,99.66,99.65,100.03,101.14,101.46,101.24,100.54,100.24,100.78,100.82,100.96,101.25,101.71,101.21,102.14,102.57,102.33,101.32,100.66,100.21,100.23,100.35,99.37,98.77,98.88,97.72,97.77,98.47,97.27,99.03,99.22,99.69,100.11,100.07,100.26,100.29,100.16,100.49,100.37,100.9,102.07,102.94,103.19,104.22,104.85,104.41,104.32,104.18,104.86,105.24,105.88,105.52,105.32,105.45,105.7,105.27,106.16,106.26,106.73,108.09,109.84,110.86,111.29,111.71,111.9,113.04,112.81,112.43,113.09,112.93,112.97,114.12,114.15,113.95,113.25,113.5,113.99,114.46,114.64,115.52,117.16,118.15,119.03,120.31,121.55,122.47,122.85,123.45,123.74,125.46,126.35,127.24,129.65,132.1,133.06,135.05,136.13,136.97,:
Norway,68.6,68.6,68.8,69,69.5,69.9,71.2,70.6,70.3,70.2,70.1,69.9,70.5,70.7,70.9,71.3,71.9,72.5,72.7,72.7,72.5,72.5,72.4,72.2,73.2,73.5,74.1,74.5,74.9,75.8,76.9,76.1,76.3,76.1,76.4,76.2,76.6,76.8,76.8,77.3,77.7,78.5,78.5,77.6,77.4,77.6,77.5,77.3,77.2,78.3,78.7,78.4,79.1,80.1,80,79.6,79.5,79,79.1,79.4,80,79.9,80.2,80.5,81.6,82.3,75.1,74.7,74.4,74.2,74.1,74.4,75.2,75.4,75.9,75.9,76.3,76.7,77.4,77,77,76.2,76.6,76.9,77.4,78.1,78.3,78.6,78.9,79.6,80.2,79.6,80,79.5,79.5,79.5,79.7,80.1,80.6,80.8,80.8,81.2,81.4,80.7,80.4,80,80.3,80.5,80.6,81.5,81.6,81.8,82.2,82.6,83,82,82,81.7,81.5,81.3,81.8,82.4,82.4,82.6,83.2,83.6,83.9,83,83.7,83.1,83.3,82.6,83.1,84.2,84.5,84.4,84.8,85.4,86.1,86.1,86,85,85.5,85.4,85.3,87.2,87.5,88.3,88.9,88.1,90.1,89.4,90,89.8,89.5,89.9,89.7,92,92.3,92.2,92.6,93.3,93.4,92.5,93.4,92.3,93,92.5,91.8,92.5,92.6,93.1,93.3,92.3,93.2,92.9,93.2,92.6,92.2,92,90.4,92.8,92.2,92,92.5,91.9,94,92.4,93.5,93,92.4,92,92.3,94,94.2,92.9,94.3,93.9,94.7,93.3,94.3,93.4,93.3,91.8,92.2,92.8,92.3,93.3,94.1,94.2,96.5,95.8,95.6,95.4,95.6,94.3,95.1,96.3,97.1,96.2,97.2,96.7,99.7,98.5,97.9,97.7,98,96.6,97.4,99.2,97.7,98.2,99.6,100.7,102.4,101.6,101.8,100.8,101.7,98.9,99.2,102.6,99.2,102.2,102.3,103.4,106.4,105.3,104.9,104.4,103.5,100.5,101.0,102.4,102.0,100.0,102.7,103.9,106.7,103.1,102.6,102.9,102.5,101.1,103.5,105.5,103.6,103.7,103.8,104.3,108.1,106.4,106.1,105.3,106.8,104.4,104.6,107.6,106.5,105.7,104.8,105.6,110.0,107.4,106.9,105.6,106.0,104.0,106.8,109.7,109.4,110.3,109.6,108.7,112.3,111.3,110.9,110.0,109.5,106.9,107.5,109.7,109,107.9,107.4,106.7,109,108,106.5,105.4,105.4,104.8,105.7,110.6,109,109.8,110.1,111.9,120.4,119.1,119.3,119.2,118.8,116.9,118.3,120.2,118.3,121.3,123.8,126.7,:
Switzerland,:,:,:,:,:,:,:,:,:,:,:,:,:,:,:,:,:,:,:,:,:,:,:,:,:,:,:,:,:,:,:,:,:,:,:,:,:,:,:,:,:,:,:,:,:,:,:,:,:,:,:,:,:,:,:,:,:,:,:,:,:,:,:,:,:,:,:,:,:,:,:,:,:,:,:,:,:,:,:,:,:,:,:,:,:,:,:,:,:,:,:,:,:,:,:,:,:,:,:,:,:,:,:,:,:,:,:,100.8,101,101.6,101.5,101.4,101.1,101.3,100.3,100,99.9,99.4,99.3,99.2,100,100.6,100.2,100.2,100.3,100.7,100.5,100.8,101.8,100.3,99.9,99.9,100.8,100.7,100.2,100.9,100.5,101,100.7,100.8,101,101.3,101.4,101.8,102.7,102.8,103,103.1,103.7,104.3,104.4,104.2,105.1,105.4,104.9,105,104.8,105.1,104.8,104.4,104.3,104.6,104.2,103.3,103.6,102.3,102.4,102.4,102.9,103.4,103.6,103.7,103,103,102.5,102.8,102.5,101.4,101.7,101.1,99.8,99.9,100.2,99.4,100.1,100.5,99.7,99.2,98.2,97.9,96.6,96.9,97.5,97.7,98.2,97.7,98.8,98.9,98.9,98.3,98.1,98.5,97.6,97.9,98.6,98.4,98.9,99,99.8,100.2,101.2,100.1,100.4,99.6,99.5,99.4,99.7,99.5,100.1,99.6,100.7,101.2,101.4,101.5,101.7,100.4,100.4,99.8,100.39,99.72,99.4,99.47,100.11,100.74,100.17,100.73,100.64,100.08,99.88,98.66,98.81,99.29,99.38,99.49,100.13,101.33,101.42,101.96,101.15,100.83,100.66,99.57,99.77,101.16,99.94,99.52,101.0,100.93,101.81,101.62,101.66,101.39,101.21,100.4,101.05,100.82,101.11,101.1,102.77,103.16,103.46,102.87,103.38,103.18,102.45,101.97,102.18,102.52,102.3,102.35,103.0,103.36,103.1,103.28,103.06,102.05,101.34,101.32,101.01,101.15,101.87,102.66,103.43,104.41,103.85,103.44,103.51,102.66,101.62,100.64,100.45,100.35,100.01,100.3,100.86,101.08,101.37,101.88,101.38,100.55,99.78,99.19,98.94,99.25,100.07,100.07,101.94,103,103.29,104.37,104.33,104.72,104.16,103.24,104.68,105.79,106.53,105.67,107.45,108.48,:
United Kingdom,64.9,65.6,66.1,66.1,66.6,66.5,65.6,66.4,65.7,65.1,64.8,64.9,65.4,65.3,64.9,65.1,65.6,66.2,65.8,66,65.9,65.9,65.6,65.6,65.6,65.5,65.4,65.6,66.6,66.3,66.2,66.9,66.6,66.7,66.6,67.1,67.3,67.4,67,66.6,67,66.6,66,65.9,65.8,65.7,65.9,66,66,65.9,65.4,65.2,65.9,66.1,66.6,66.1,66.3,66.3,66.7,66.8,67,67.1,67.9,68.1,70,70.4,69,68.8,68.7,68.8,68.7,69.1,69.7,69.6,69.8,69.6,69.4,68.9,68.8,68.7,68.8,69,68.9,68.9,68.9,69.3,69.6,69.8,70.2,69.8,69.8,69.8,70.4,70.5,70.7,70.9,70.7,70.9,70.9,70.7,70.9,70.4,69.9,69.7,69.9,70,70.4,70.8,71,71.5,72.1,71.4,71.9,71.9,71.1,71.2,71.3,71.1,71.6,72,71.8,72.2,71.8,71.7,72.7,73.2,73.3,73.7,74.1,74.5,75.2,75.3,74.6,75.4,75.8,76,76.3,76.7,75.4,75.9,76.8,78,78.7,79.4,79.2,79.6,79.9,80.9,82.3,84,84.7,85.8,85.5,85.9,87.1,87.7,87.3,88.7,88.3,87.9,88.7,88.5,88.2,87.6,86.8,87.7,88.2,89.1,88.9,89.9,90.1,90.4,90.3,90.2,91.1,91.2,91.3,91.7,93.1,94.6,94.5,95.5,94.2,94.3,95.5,96.5,96.7,96.9,97.1,96.2,96.8,98.1,97.8,99,98.5,98.4,98.7,98.6,98.8,99,99,99.5,100.6,101.8,101.9,102.6,102.2,102.9,102.9,102.4,102.6,103.1,103.2,103.4,103.4,103.8,103.9,104.5,103.9,103.4,102.3,102.4,102.2,102,101.8,101.9,101.7,102,101.3,101,100.9,100.5,100.4,100.2,99.5,99.5,99.5,99.1,99.2,99.0,98.6,98.8,98.1,98.0,97.6,97.2,96.9,97.3,97.3,96.8,97.2,97.9,98.1,98.9,99.3,99.5,99.6,99.4,99.4,99.4,100.2,100.6,101.1,101.8,101.7,101.9,102.3,102.1,101.9,101.4,101.7,101.9,101.7,101.5,101.6,102.5,102.6,103.0,103.1,102.8,102.9,103.1,103.1,103.7,103.5,102.8,103.7,104.3,104.1,104.3,104.5,104.2,104.8,104.2,103.9,104.1,103.4,103.4,103.1,:,:,:,:,:,:,:,:,:,:,:,:,:,:,:,:,:,:,:,:,:,:,:,:,:,:,:,:,:,:,:,:
Montenegro,:,:,:,:,:,:,:,:,:,:,:,:,:,:,:,:,:,:,:,:,:,:,:,:,:,:,:,:,:,:,:,:,:,:,:,:,:,:,:,:,:,:,:,:,:,:,:,:,:,:,:,:,:,:,:,:,:,:,:,:,:,:,:,:,:,:,:,:,:,:,:,:,:,:,:,:,:,:,:,:,:,:,:,:,:,:,:,:,:,:,:,:,:,:,:,:,:,:,:,:,:,:,:,:,:,:,:,:,:,:,:,:,:,:,:,:,:,:,:,:,:,:,:,:,:,:,:,:,:,:,:,:,:,:,:,:,:,:,:,:,:,:,:,:,:,:,:,:,:,:,:,:,:,:,:,:,:,:,:,:,:,:,:,:,:,:,:,:,:,:,:,:,:,:,:,:,:,:,:,:,:,:,:,:,:,:,:,:,:,:,:,:,:,:,:,:,:,:,:,:,:,:,:,:,:,:,:,:,:,:,:,:,:,:,:,:,:,:,:,:,:,:,:,:,:,:,:,97.27,98.26,99,100.39,100.3,101.01,100.5,99.58,100.52,100.96,100,99.9,99.57,99.29,98.45,97.44,98.06,99.26,98.88,98.61,99.34,99.72,99.61,99.49,99.92,100.76,101.34,101.63,101.3,101.59,100.61,100.45,100.79,100.84,100.68,100.58,100.09,100.36,100.57,101.14,101.27,101.51,101.94,102.58,102.66,101.81,101.45,102.37,102.14,103.07,104.29,105.85,106.33,106.36,105.67,105.58,105.6,105.29,105.01,105.42,105.53,105.64,105.98,106.6,106.94,107.46,107.53,106.97,107.07,107.2,107.12,106.82,106.76,107.06,107.88,108.43,110.12,110.3,110.23,110.15,111.11,112.28,112.07,112.57,114.25,118.88,121.74,127.14,130.95,132.92,134.51,136.9,138.95,141.86,143.96,145.02,145.73,147.74,149.41,145.44,146.61,147.71,150.41,:
North Macedonia,:,:,:,:,:,:,:,:,:,:,:,:,:,:,:,:,:,:,:,:,:,:,:,:,:,:,:,:,:,:,:,:,:,:,:,:,:,:,:,:,:,:,:,:,:,:,:,:,:,:,:,:,:,:,:,:,:,:,:,:,:,:,:,:,:,:,:,:,:,:,:,:,:,:,:,:,:,:,:,:,:,:,:,:,:,:,:,:,:,:,:,:,:,:,:,:,:,:,:,:,:,:,:,:,:,:,:,73.12,72.53,73.21,73.24,73.07,73.88,74.29,72.34,71.36,71.39,72.29,71.95,72.85,73.94,74.3,74.68,74.98,76.49,75.33,74.68,73.56,73.23,73.35,74.86,74.91,74.64,74.75,74.72,75.05,76.41,76.04,75.57,76.2,77.27,78.3,81.11,83.13,87.67,88.37,89.61,90.5,90.4,90.46,88.3,87.38,87.18,88.84,88.6,90.34,90.77,89.98,90.98,90.7,93.29,88.75,87.29,86.33,85.91,85.24,85.84,87.71,87.11,88.08,89.32,90.69,88.64,89.2,87.46,87.41,88.06,88.4,89.02,90.35,91.44,93.64,96.6,97.28,96.78,95.3,93.13,92.62,92.15,92.56,93.97,93.81,93.79,94.49,94.73,96.38,95.94,95.52,93.57,94.27,96.47,97,96.73,96.5,97.06,97.36,97.88,103.69,102.65,102.46,98.89,99.23,98.62,98.37,98.04,99.23,99.1,99.18,98.94,99.37,100.11,98.9,97.86,97.73,97.94,98.39,98.9,99.87,99.36,99.87,100.63,101.25,101.61,101.77,99.39,99.6,100.1,99.24,98.8,98.37,98.43,98.75,98.6,98.22,99.96,99.3,98.62,98.7,99.05,98.59,97.18,96.45,97.53,95.63,95.71,97.99,101.04,101.57,100.09,100.36,100.59,100.0,99.22,99.08,98.46,98.97,99.58,100.35,103.16,102.25,100.47,100.56,101.21,101.06,100.18,100.28,101.45,102.62,103.81,105.23,105.88,101.18,100.47,101.53,100.91,100.53,100.21,99.85,100.25,101.09,102.37,104.79,106.09,108.11,105.34,104.96,104.75,104.53,104.28,103.49,102.58,103.02,103.58,105.3,107.11,106.62,105.56,107.7,108.2,108.57,109.61,110.02,111.84,112.92,115.19,120.77,124.59,128.05,128.73,131.93,135.86,139.7,139.96,137.18,136.31,137.73,138.07,137.88,141.41,144.23,:
Albania,:,:,:,:,:,:,:,:,:,:,:,:,:,:,:,:,:,:,:,:,:,:,:,:,:,:,:,:,:,:,:,:,:,:,:,:,:,:,:,:,:,:,:,:,:,:,:,:,:,:,:,:,:,:,:,:,:,:,:,:,:,:,:,:,:,:,:,:,:,:,:,:,:,:,:,:,:,:,:,:,:,:,:,:,:,:,:,:,:,:,:,:,:,:,:,:,:,:,:,:,:,:,:,:,:,:,:,:,:,:,:,:,:,:,:,:,:,:,:,:,:,:,:,:,:,:,:,:,:,:,:,:,:,:,:,:,:,:,:,:,:,:,:,:,:,:,:,:,:,:,:,:,:,:,:,:,:,:,:,:,:,:,:,:,:,:,:,:,:,:,:,:,:,:,:,:,:,:,:,:,:,:,:,:,:,:,:,:,:,:,:,:,:,:,:,:,:,:,:,:,:,:,:,:,:,:,:,:,:,:,:,:,:,:,:,:,:,:,:,:,:,:,:,:,:,:,:,:,:,:,:,:,:,:,:,:,:,:,:,100.0,102.52,105.91,107.06,105.92,102.36,100.39,100.45,102.79,103.08,102.4,101.87,104.57,111.28,114.46,116.11,114.41,109.98,109.27,107.41,109.04,109.95,110.35,107.95,110.3,114.96,117.87,119.04,117.42,113.29,113.0,111.87,112.79,113.49,111.99,110.57,113.76,121.26,123.71,122.27,121.28,117.17,116.2,115.18,115.8,116.32,115.45,114.67,117.63,124.83,126.79,129.8,128.17,125.29,122.63,120.12,120.57,122.1,123.02,120.04,121.06,125.34,129.74,132.44,132.79,130.07,126.05,125.8,126.47,127.83,127.85,126.82,129.3,134.3,139.62,144.71,146.06,142.51,140.04,141.43,143.25,144.64,145.36,144.28,146.11,150.17,156.08,159.73,159.74,157.57,155.18,:
Serbia,:,:,:,:,:,:,:,:,:,:,:,:,:,:,:,:,:,:,:,:,:,:,:,:,:,:,:,:,:,:,:,:,:,:,:,:,:,:,:,:,:,:,:,:,:,:,:,:,:,:,:,:,:,:,:,:,:,:,:,:,:,:,:,:,:,:,:,:,:,:,:,:,:,:,:,:,:,:,:,:,:,:,:,:,:,:,:,:,:,:,:,:,:,:,:,:,:,:,:,:,:,:,:,:,:,:,:,:,:,:,:,:,:,:,:,:,:,:,:,51.7,52.6,52.9,53.5,54.2,56.2,55.9,53.9,53.3,53.4,53.1,54.1,53.8,53.9,53.6,53.6,54,54.5,54,53.3,56.8,59.4,60,61.5,62.9,64,64.7,66.7,69.3,70.4,70.3,68,67.9,68.9,70.8,71.2,70.5,71.1,71.7,72.1,72.6,73.8,73.6,71.7,71.1,71.1,70.8,71.2,70.9,71.1,70.9,71.4,72,72.9,72.6,72.1,73.9,75.5,76.3,77.4,78.4,80.1,82.6,87.1,87.2,87.1,85.9,84.7,83.6,83.6,84,84.7,83.2,82.6,83.9,84.9,85.5,90.3,91.3,88.9,90.8,95.9,99.2,98.8,97,98,98.1,98.1,100.4,100.9,102.7,98.2,96.7,96.9,96.6,94.8,94.7,96.1,96.6,96.4,98,99.1,99,97.6,97.3,99.3,97.7,97.8,97.5,97.8,99.4,100.6,101.5,101.6,102.7,99,100,100.8,99.7,98.9,98.0,100.1,100.6,100.2,100.6,100.9,100.0,98.5,101.2,100.1,100.7,99.8,98.7,101.4,103.1,103.5,106.2,104.9,105.2,103.1,103.3,104.4,104.1,103.2,102.8,103.8,104.5,105.1,105.9,107.7,108.0,105.7,105.9,105.5,105.9,104.6,105.5,106.8,108.6,109.9,111.3,109.8,109.2,108.1,107.6,107.2,107.1,107.3,108.1,109.8,111.1,111.4,113.3,113.5,114.9,113.2,111.4,110.8,110.6,110.5,110.1,110.3,110.7,111.4,114.5,115.7,115.7,114.7,117.2,120,121.5,123.3,123.7,125.4,127.9,129.4,132.9,134.5,137.5,137.5,141,144.4,149.4,151.2,152.7,155.2,159.4,162.4,163.9,167.1,169.1,:
Trkiye,1.24,1.29,1.4,1.5,1.57,1.56,1.53,1.61,1.67,1.78,1.91,1.93,2.05,2.25,2.48,2.73,2.82,2.85,2.91,3.08,3.27,3.62,3.95,4.17,4.55,4.82,5.06,5.24,5.34,5.26,5.36,5.49,5.86,6.29,6.6,6.75,7.02,7.25,7.6,8,7.87,7.76,7.86,7.98,8.36,8.99,9.45,9.97,10.36,11.08,11.66,11.81,11.94,11.48,11.79,11.88,12.11,12.62,13.22,13.49,13.8,14.06,15,16.57,17.42,17.47,17.54,17.33,18.59,20.79,22.51,23.96,26.57,27.28,27.13,27.35,26.37,25.28,25.02,25.2,26.48,27.65,29.28,30.11,31.14,32.5,34.96,35.59,36.3,34.9,33.72,33.16,33.69,34.38,35.7,36.12,36.56,37.03,37.61,37.71,37.18,36.25,36.35,36.65,36.83,37.89,38.41,38.7,38.71,39.34,39.47,38.93,39.26,38.3,37.57,37.29,37.89,38.65,39.7,39.39,39.91,40.87,41.4,41.66,41.95,40.81,41.39,40.89,42.06,42.38,43.53,43.79,45.74,46.47,46.76,47.2,46.42,45.52,45.2,45.96,47.01,48.62,48.88,49.06,49.96,52.48,53.03,53.56,53.7,51.87,52.1,52.08,52.22,54.25,54.64,54.9,55.7,55.71,57.89,57.69,57.8,56.89,56.53,55.64,55.76,57.41,58.68,59.98,60.93,63.98,64.38,64.47,61.64,60.09,59.65,61.41,64.31,67.22,65.95,64.19,65.23,66.88,66.61,66.29,69.42,64.97,64.21,65.09,65.74,68.39,70.63,72.03,72.81,74.44,74.33,74.52,72.51,70.23,70.57,71.27,72.61,73.96,73.62,74.8,78.14,79.03,80.82,79.2,77.59,78.78,78.92,78.35,78.88,82.18,80.9,82.1,86.76,86.93,89.12,89.54,87.65,88.61,89.15,90.49,90.29,92.67,92.63,92.66,96.16,99.07,101.73,102.56,99.78,98.42,98.45,99.06,99.79,100.91,101.39,102.68,107.59,107.52,105.98,104.27,102.23,102.57,106.2,104.72,104.29,106.36,104.92,108.41,115.32,116.3,118.54,119.99,119.34,118.07,117.24,116.97,116.71,119.01,121.52,123.36,125.42,128.23,130.83,130.56,132.46,140.38,139.98,140.07,149.03,153.84,152.7,154.34,164.26,165.75,169.79,172.16,170.13,167.33,165.48,164.2,163.22,165.91,166.28,171.14,179.1,183.28,186.85,191.57,192.04,188.96,186.53,186.39,187.61,193.3,201.33,206.42,211.51,216.92,219.42,224.08,224.7,226.64,232.9,240.19,241.56,246.27,255.91,296.78,329.07,356.71,373.61,423.64,430.44,439.19,452.82,456.43,465.68,489.54,518.13,527.85,562.78,604.09,627.46,652.28,656.98,676.93,:
