,Date,Food_Price,Oil_price (USD per gallon),€/kWh,Exchange_rate ($/€),Air_Temperature (°C),Precipitation (l/m²),PP_food_products,PP_bakery_farinaceous_products,PP_other_food_products,PP_prepared_feed_farm_animals,PP_pesticides_agrochemicals_products,PP_Grain_Starch,Wheat_Price
0,1996-01,74.9,16.52,,1.2918,-2.82,7.0,78.6,70.2,:,62.9,86.1,87.3,
1,1996-02,75.5,17.76,,1.2886,-2.18,48.6,78.4,70.1,:,63.2,85.4,87.4,
2,1996-03,76.1,19.41,,1.2813,1.0,23.3,78.5,70.9,:,62.8,85.4,87.7,
3,1996-04,76.4,19.02,,1.2639,8.4,23.1,78.6,70.8,:,63.3,85.4,87.8,
4,1996-05,76.2,17.8,,1.2467,11.15,91.4,79,70.8,:,65.7,84.9,88.8,
5,1996-06,76.1,18.91,,1.2529,15.65,51.8,79.5,70.8,:,66.8,85,89.4,
6,1996-07,76.1,18.9,,1.2706,15.89,94.1,79.5,70.9,:,67,85,89.7,
7,1996-08,75.2,20.78,,1.2832,17.15,87.7,79.6,70.9,:,66.4,85,89.8,
8,1996-09,74.5,23.21,,1.2691,10.9,50.3,79.7,70.9,:,66.5,84.9,89.2,
9,1996-10,74.3,22.67,,1.2584,9.17,79.0,79.4,71.1,:,65.6,85,88.5,
10,1996-11,74.2,22.77,,1.2769,4.48,86.1,79.4,71.2,:,65.6,84.7,88.4,
11,1996-12,74.4,23.81,,1.2503,-2.36,40.5,79.4,71.3,:,65.8,84.7,88.1,
12,1997-01,76.1,22.52,,1.2162,-2.63,11.2,79.4,71.2,:,66.4,84.7,87.7,
13,1997-02,76.2,18.85,,1.1658,4.1,85.2,79.7,71.3,:,67.4,85.5,87.3,
14,1997-03,75.8,19.38,,1.1498,5.84,48.4,79.9,71.5,:,67.6,85.5,87,
15,1997-04,76.3,18.52,,1.145,6.36,45.4,80.6,71.4,:,68.4,87.3,86.6,
16,1997-05,76.9,19.4,,1.1493,12.66,64.3,81.3,71.4,:,68.5,87.3,86.4,
17,1997-06,77.2,18.51,,1.1366,15.85,91.0,81.3,71.4,:,69.2,87.3,85.8,
18,1997-07,76.7,18.94,,1.1049,17.15,111.9,81.4,71.3,:,69,87.3,85.5,
19,1997-08,75.9,18.51,,1.0727,19.81,44.9,81.6,71.5,:,68.2,87.3,84.9,
20,1997-09,75.8,19.9,,1.0999,13.7,25.4,81.7,71.4,:,67,87.3,84.5,
21,1997-10,75.7,20.02,,1.1203,7.66,63.7,81.7,71.4,:,65.8,87.3,83.7,
22,1997-11,75.9,18.94,,1.1394,3.98,38.3,81.7,71.4,:,65.5,87.3,83.6,
23,1997-12,76.4,16.52,,1.1116,2.2,84.3,81.7,71.4,:,65.4,87.3,83.5,
24,1998-01,77.4,15.96,,1.0877,2.39,64.4,81.7,71.7,:,65.7,87.3,83.6,
25,1998-02,77.3,14.17,,1.0884,4.33,20.5,81.6,72,:,65.7,86.2,83,
26,1998-03,77.0,14.26,,1.0843,4.98,69.6,81.4,72,:,65.5,85.2,83,
27,1998-04,77.4,14.46,,1.0911,8.85,74.7,81.3,71.9,:,65.1,85.2,82.6,122.57
28,1998-05,77.9,14.37,,1.109,14.03,45.1,81,72,:,64.1,85.4,82.4,122.57
29,1998-06,78.0,13.38,,1.1014,16.45,96.2,80.8,72.3,:,63.6,85.4,81.8,119.52
30,1998-07,77.4,13.09,,1.0975,16.42,81.7,80.6,72.2,:,62.3,85.6,81.7,110.83
31,1998-08,76.5,12.56,,1.1016,16.73,62.9,80.2,72.2,:,60.6,85.7,81.5,118.0
32,1998-09,76.1,14.68,,1.1541,13.35,111.2,80,72.1,:,59.5,85.6,81.2,119.37
33,1998-10,75.7,13.22,,1.1938,8.7,166.1,79.3,72,:,58.9,85.6,80.8,121.35
34,1998-11,76.0,10.46,,1.1644,1.55,74.3,78.7,72,:,58.6,85.7,80.7,120.74
35,1998-12,76.2,10.53,,1.1721,0.99,52.9,78.7,72.1,:,58.7,85.6,80.7,116.17
36,1999-01,77.0,11.35,,1.1608,2.6,66.1,78.3,71.7,:,58.5,85.6,80.2,116.0
37,1999-02,77.0,10.88,,1.1208,0.39,84.0,78,71.4,:,58.2,85.4,80,114.0
38,1999-03,76.9,15.24,,1.0883,5.41,63.0,77.8,71.7,:,57.9,85.6,79.8,116.25
39,1999-04,77.3,16.57,,1.0704,8.9,58.4,77.6,71.9,:,57.9,85.6,79.7,123.0
40,1999-05,77.3,15.2,,1.0628,13.76,76.0,77.4,72,:,57.6,85.4,79.5,113.0
41,1999-06,76.8,17.51,,1.0378,15.23,78.6,77.8,72,:,57.5,85.5,79.4,115.0
42,1999-07,76.1,19.37,,1.0353,18.98,71.6,77.7,72,:,57.8,85.5,79.1,118.75
43,1999-08,75.2,21.33,,1.0604,17.17,68.6,77.7,72,:,56.9,85.5,78.9,123.0
44,1999-09,74.9,23.58,,1.0501,16.82,54.2,77.6,71.9,:,56.7,85.5,78.6,122.0
45,1999-10,74.6,21.69,,1.0706,8.99,41.8,77.5,72,:,56.2,85.5,78.5,122.25
46,1999-11,74.8,23.64,,1.0338,3.46,54.6,77.1,72.1,:,56.5,85.5,78.6,125.5
47,1999-12,75.0,25.08,,1.011,2.17,121.1,77.1,72,:,56.9,85.5,78.8,125.25
48,2000-01,75.9,25.97,,1.0137,1.06,54.8,76.8,72.2,82,57.1,85.5,79,127.5
49,2000-02,76.4,28.09,,0.9834,3.87,95.2,77.1,72.3,82.3,58,84.6,79.1,125.5
50,2000-03,75.8,24.77,,0.9643,5.17,105.5,77.3,72.2,82.3,58.4,84.2,79.3,130.25
51,2000-04,76.2,23.89,,0.947,10.15,35.4,77.4,72.2,82.5,58.9,84.2,79.2,130.5
52,2000-05,76.5,28.31,,0.906,14.62,66.0,77.9,72.4,82.8,59.1,83.5,79.1,114.5
53,2000-06,76.6,30.57,,0.9492,16.99,50.5,78.3,72.5,82.8,59.6,83.5,79.6,114.5
54,2000-07,76.2,26.93,,0.9397,15.3,120.8,78.5,72.4,82.6,59.4,82.9,79.6,111.0
55,2000-08,75.4,31.72,,0.9041,17.6,71.1,78.8,72.7,82.7,59.2,82.9,81.5,111.0
56,2000-09,75.1,29.84,,0.8721,13.91,81.7,78.9,72.9,82.7,59.7,82.9,81.9,112.75
57,2000-10,75.0,30.76,,0.8552,10.56,58.7,79.3,73.2,82.3,60.7,82.9,82.4,111.0
58,2000-11,75.4,31.88,,0.8564,6.1,49.1,79.7,72.9,82.4,60.6,82.9,82.7,116.5
59,2000-12,76.1,23.87,,0.8973,3.12,49.1,80.2,72.9,82.5,62,82.9,82.9,115.0
60,2001-01,77.4,26.66,,0.9383,0.87,61.1,80.6,73.3,82.7,63.7,82.9,83.4,118.0
61,2001-02,77.7,25.57,,0.9217,2.26,58.6,81.1,73.5,83,64,83.4,83.4,118.0
62,2001-03,78.5,24.74,,0.9095,4.23,109.2,82.4,74,83,64.2,83.4,83.3,116.0
63,2001-04,80.0,27.89,,0.892,7.1,73.6,82.5,74,82.8,64.4,83.4,83.3,121.0
64,2001-05,81.5,29.34,,0.8742,14.39,40.3,83.1,74,82.8,64.3,83.4,83.3,124.0
65,2001-06,81.8,26.08,,0.8532,14.34,93.8,83.1,74,82.8,64.7,83.4,83.4,122.5
66,2001-07,81.3,24.69,,0.8607,18.56,68.9,83.1,74.3,83.1,64.8,83.4,83.6,125.0
67,2001-08,79.9,26.41,,0.9005,18.59,68.3,83.2,74.6,83.2,64.5,83.4,83.5,120.75
68,2001-09,79.7,23.26,,0.9111,11.77,138.5,83.2,74.7,83.3,64.7,83.4,83.6,119.25
69,2001-10,79.8,20.37,,0.9059,12.48,45.3,82.9,74.3,83.4,64.5,83.4,83.6,125.25
70,2001-11,79.3,19.14,,0.8883,3.82,84.9,82.6,74.4,83.3,64.1,83.4,83.5,126.5
71,2001-12,79.8,19.9,,0.8924,-0.21,86.3,82.5,74.1,83.4,64.3,83.4,83.4,125.0
72,2002-01,82.4,19.18,,0.8833,1.19,47.4,82.5,75.1,83.7,64.4,83.3,83.6,120.5
73,2002-02,82.0,21.33,,0.87,5.05,114.9,82.3,75.1,83.8,64.7,83.8,83.5,112.75
74,2002-03,81.8,25.92,,0.8758,5.39,62.9,82.3,75.2,83.5,65,83.8,83.3,109.75
75,2002-04,81.8,26.47,,0.8858,8.06,54.0,82.4,75.6,83.3,64.9,83.8,83.4,110.75
76,2002-05,81.7,24.45,,0.917,13.77,79.1,82.2,75.7,83.4,64.9,83.6,83.3,103.5
77,2002-06,80.9,25.58,,0.9554,17.39,70.9,82,75.7,83.3,64.5,83.6,83,103.0
78,2002-07,80.3,25.44,,0.9922,17.71,116.2,82.1,75.7,83.4,64,83.7,82.7,109.0
79,2002-08,79.4,27.47,,0.9778,18.8,119.8,82,75.7,83.3,62.8,83.7,82.2,114.75
80,2002-09,79.3,28.75,,0.9808,13.15,58.4,82.1,75.7,83.3,61.8,83.7,84.1,121.25
81,2002-10,79.0,25.72,,0.9811,8.29,108.9,82,75.7,83.4,61.2,83.7,85,117.5
82,2002-11,78.6,25.16,,1.0014,5.55,114.5,82.1,75.4,83.5,61,83.2,85.9,113.0
83,2002-12,78.9,28.66,,1.0183,0.34,71.2,82.1,75.4,83.4,61.3,83.2,86,112.0
84,2003-01,79.9,31.1,,1.0622,-0.25,82.8,82,76,83.6,61.5,83.2,86,110.75
85,2003-02,80.3,32.79,,1.0773,-1.86,21.0,82.1,77,83.5,61.8,83.5,85.8,108.0
86,2003-03,80.7,27.18,,1.0807,5.34,27.4,81.8,77.2,83.4,61.6,83.8,85.7,110.75
87,2003-04,80.9,23.68,,1.0848,8.5,36.6,81.7,77.2,83.5,61.5,84,85.6,113.0
88,2003-05,81.0,26.32,,1.1582,14.14,66.0,81.8,77.4,83.6,61.6,84,85.5,110.0
89,2003-06,81.3,28.33,,1.1663,19.35,51.9,81.8,77.6,83.7,61.2,83.8,85.8,114.0
90,2003-07,80.7,28.37,,1.1372,19.11,68.0,81.9,77.8,83.7,61.3,83.8,85.6,121.0
91,2003-08,79.7,29.49,,1.1139,20.56,33.1,81.9,77.7,83.8,61.6,83.7,85.5,133.0
92,2003-09,80.1,27.61,,1.1222,13.85,52.8,82.6,77.8,83.8,62.8,83.9,86.5,137.0
93,2003-10,80.2,27.7,,1.1692,5.94,74.1,82.4,77.7,83.8,64.1,84.2,87,149.0
94,2003-11,80.0,28.45,,1.1702,6.02,38.8,82.5,77.9,83.8,66.5,84.4,87.4,162.0
95,2003-12,80.2,30.17,,1.2286,1.81,55.7,82.1,77.9,83.8,68.1,84.4,88,153.5
96,2004-01,81.1,29.18,,1.2613,-0.09,109.4,82.3,78,83.8,69.2,84.7,88.5,157.0
97,2004-02,80.7,32.23,,1.2646,2.42,51.3,82.6,78.2,83.9,70.8,84.6,88.5,153.0
98,2004-03,80.5,31.51,,1.2262,4.11,37.6,83,77.8,83.8,71.3,84.6,88.3,155.5
99,2004-04,80.7,34.48,,1.1985,9.35,40.1,83.1,77.8,84,71.6,84.6,88.4,155.0
100,2004-05,80.9,36.58,,1.2007,11.58,72.3,82.8,78.3,83.9,71.5,84.6,88.4,125.0
101,2004-06,81.0,34.5,,1.2138,15.27,72.6,83.1,78.2,84,70.2,84.6,88,121.0
102,2004-07,80.5,40.03,,1.2266,16.8,104.0,83.2,78.3,84.1,69.2,84.6,87.5,110.25
103,2004-08,79.6,39.61,,1.2176,18.43,89.2,83,78.4,84,65.1,84.6,87.3,111.75
104,2004-09,79.1,46.38,,1.2218,14.01,64.3,83.1,78.3,83.9,63,84.8,86.9,108.5
105,2004-10,79.1,48.98,,1.249,10.08,53.3,82.8,78.2,83.8,61.8,85.3,85,108.5
106,2004-11,79.0,45.51,,1.2991,4.21,72.8,82.6,78,83.9,60.7,85.5,84.2,107.5
107,2004-12,79.9,40.46,,1.3408,1.08,45.1,82.7,78,83.8,60.2,85,84,106.0
108,2005-01,80.2,45.92,,1.3119,2.03,71.0,82.5,78,84.3,60.4,85.5,83.5,107.25
109,2005-02,80.7,50.06,,1.3014,-1.03,67.7,82.5,78.1,84.5,60,85.8,83.1,109.0
110,2005-03,80.9,54.29,,1.3201,3.63,44.0,82.6,78.1,84.5,60.3,84.8,82.6,104.25
111,2005-04,80.8,51.09,,1.2938,9.26,57.0,82.3,78.1,84.5,60.2,84.8,82.9,101.5
112,2005-05,81.2,50.73,,1.2694,12.76,84.5,82.3,78.1,84.7,60.1,84.8,82.6,106.0
113,2005-06,81.2,55.58,,1.2165,16.38,53.3,82.5,78.1,85.1,60,84.8,83,103.75
114,2005-07,80.4,59.37,,1.2037,18.02,110.0,82.4,78.1,85.3,59.7,84.8,82.6,105.25
115,2005-08,79.6,67.02,,1.2292,15.78,83.7,82.5,78.1,85.5,59.7,84.8,82.6,105.75
116,2005-09,79.5,63.48,,1.2256,14.99,56.3,82.5,78.1,85.7,59.5,84.8,82.4,108.25
117,2005-10,79.2,58.1,,1.2015,10.99,40.3,82.6,78.1,86,59.1,87.7,82.4,109.25
118,2005-11,79.4,55.05,,1.1786,4.17,48.1,82.9,78.3,86.2,59.3,86.8,82.8,110.0
119,2005-12,80.1,58.98,,1.1856,0.87,69.4,83,78,86.2,59.6,86.8,82.8,109.0
120,2006-01,80.9,65.99,,1.2103,-2.59,26.7,82.6,78.1,85.8,59.8,87.2,82.8,111.75
121,2006-02,81.2,61.76,,1.1938,-0.36,54.4,82.7,78.1,85.8,60.2,87.2,82.9,111.5
122,2006-03,81.1,65.91,,1.202,1.52,84.1,83.1,78,85.5,60.4,87.5,83.5,110.0
123,2006-04,81.5,72.5,,1.2271,8.04,66.2,83.2,78.1,85.6,60.7,87.5,83.5,114.0
124,2006-05,82.2,70.41,,1.277,13.06,94.5,83.2,78.4,85.6,60.8,87.7,83.5,114.5
125,2006-06,82.3,73.51,,1.265,16.82,47.2,83.7,78.5,85.5,61.3,87.7,83.4,112.0
126,2006-07,82.0,75.15,,1.2684,21.99,49.5,83.9,78.5,85.4,61.5,87.7,83.5,120.5
127,2006-08,81.7,70.25,,1.2811,15.54,135.8,84.2,78.5,85.5,62.7,87.7,83.7,139.5
128,2006-09,81.9,62.48,,1.2727,16.9,30.3,84.3,78.5,85.6,63.8,87.7,85.7,147.5
129,2006-10,81.6,59.03,,1.2611,12.14,59.1,84.5,79.7,85.8,65.6,89.9,87.5,156.0
130,2006-11,81.8,64.26,,1.2881,7.03,55.5,84.3,78.8,86.1,66.6,89.9,88.3,150.75
131,2006-12,82.2,60.86,,1.3213,4.43,46.7,84.6,79.8,86.2,68.4,89.9,89.2,151.0
132,2007-01,83.0,57.4,0.0840857142857142,1.2999,4.76,98.2,84.4,78.9,86.3,70,89.9,90.5,148.0
133,2007-02,82.9,61.89,0.0840857142857142,1.3074,3.94,75.8,84.5,79.1,86.2,71.9,89.9,92.1,152.5
134,2007-03,82.7,68.1,0.0840857142857142,1.3242,6.18,63.3,84.4,79.1,86.1,72.8,89.9,92.1,148.5
135,2007-04,83.7,67.65,0.0840857142857142,1.3516,11.52,4.0,84.6,79.1,86.2,72.4,89.9,93.2,161.25
136,2007-05,83.6,68.04,0.0840857142857142,1.3511,14.16,131.1,84.9,79.2,86.2,73.4,89.4,93.5,157.0
137,2007-06,83.7,71.41,0.0840857142857142,1.3419,17.38,108.6,85.7,79.2,86.5,74.5,89.9,93.6,184.5
138,2007-07,83.5,77.05,0.0861571428571428,1.3716,17.24,121.3,86.3,79.1,86.5,75.7,89.9,95.4,200.5
139,2007-08,83.7,72.69,0.0861571428571428,1.3622,16.86,95.0,87.8,79.5,86.2,80.5,89.9,99.8,256.25
140,2007-09,84.1,79.17,0.0861571428571428,1.3896,12.58,97.4,89,79.1,86.5,86.5,89.9,105,268.25
141,2007-10,85.6,90.63,0.0861571428571428,1.4227,8.35,26.4,91,80.5,87,94.2,90.1,107.4,232.0
142,2007-11,86.5,88.26,0.0861571428571428,1.4684,3.67,85.3,91.4,82.4,87,93.5,90.1,109.6,250.0
143,2007-12,87.1,93.85,0.0861571428571428,1.457,1.59,63.1,92,82.8,87.4,95.6,90,110.4,251.0
144,2008-01,88.4,92.21,0.0909142857142857,1.4718,3.65,74.0,92.7,83.6,88.3,97.8,88.8,112.7,244.5
145,2008-02,88.4,100.1,0.0909142857142857,1.4748,3.72,45.3,93.5,83.9,89.4,100.2,89.5,112.8,284.0
146,2008-03,88.8,100.3,0.0909142857142857,1.5527,4.24,86.9,94,84.3,89.6,101.7,88.8,113.6,233.5
147,2008-04,89.1,111.36,0.0909142857142857,1.5751,7.64,80.2,93.9,84.3,90,102.7,88.8,114.1,211.5
148,2008-05,89.2,127.78,0.0909142857142857,1.5557,14.51,30.2,93.8,84.5,90.3,102,90.3,113.3,182.0
149,2008-06,89.2,139.83,0.0909142857142857,1.5553,16.94,59.1,94.3,84.8,90.5,100.8,90.3,111.9,197.5
150,2008-07,89.4,123.98,0.0938857142857142,1.577,18.02,88.6,94.8,84.9,90.6,99.9,90.3,109.7,192.25
151,2008-08,89.0,114.05,0.0938857142857142,1.4975,17.38,87.6,95.1,85.1,90.6,96.2,90.9,109.3,186.0
152,2008-09,88.8,98.17,0.0938857142857142,1.4369,12.44,57.1,94.6,85.8,90.7,90.9,93.7,105.5,161.25
153,2008-10,89.0,65.32,0.0938857142857142,1.3322,9.09,76.2,94.1,86.3,90.7,88.2,94.2,102.5,144.0
154,2008-11,88.3,53.49,0.0938857142857142,1.2732,5.06,44.7,92.6,86.2,90.8,86.1,95.9,101.2,134.25
155,2008-12,88.9,45.59,0.0938857142857142,1.3449,1.06,48.5,91.6,86.1,91.1,84.8,90.6,99.4,137.25
156,2009-01,89.3,45.88,0.1021428571428571,1.3239,-2.16,33.2,90.7,86.2,91.1,83.2,90.8,97.1,151.0
157,2009-02,89.4,46.35,0.1021428571428571,1.2785,0.51,62.1,90.5,86.3,91.2,83.4,91.1,95.9,138.0
158,2009-03,88.9,49.23,0.1021428571428571,1.305,4.3,77.7,90.1,86.4,91.3,81.4,86.9,94.6,132.0
159,2009-04,88.6,50.8,0.1021428571428571,1.319,11.83,30.3,90.2,86.5,91.3,80.8,87.3,93.6,142.0
160,2009-05,88.1,65.52,0.1021428571428571,1.365,13.62,76.0,90,86.5,91.3,80.8,87.8,92.8,151.5
161,2009-06,88.4,69.3,0.1021428571428571,1.4016,14.81,85.1,90,86.4,91.4,81.5,88.4,92.7,134.0
162,2009-07,87.3,71.7,0.1079428571428571,1.4088,18.01,107.6,89.7,86.3,91.5,80.3,88.4,92,127.5
163,2009-08,86.4,69.65,0.1079428571428571,1.4268,18.65,42.5,89.7,86.3,91.4,77.7,88.8,91,127.0
164,2009-09,86.1,69.07,0.1079428571428571,1.4562,14.69,41.6,89.1,86.5,91.7,75,88.8,89,122.5
165,2009-10,86.0,75.2,0.1079428571428571,1.4816,8.17,79.4,88.5,86.4,90.4,74,89.3,88.2,126.75
166,2009-11,86.4,78.47,0.1079428571428571,1.4914,7.38,93.0,88.7,86.4,89.6,72.9,89.4,86.8,131.5
167,2009-12,87.0,77.93,0.1079428571428571,1.4614,0.32,84.2,88.7,86.4,89.4,73.4,89.9,87.2,131.25
168,2010-01,88.1,71.46,0.1102714285714285,1.4272,-3.65,46.8,88.7,86.3,89.6,75,89,85,125.5
169,2010-02,88.3,77.59,0.1102714285714285,1.3686,-0.5,48.5,88.7,86,89.4,75.8,88.4,85,122.25
170,2010-03,89.1,82.7,0.1102714285714285,1.3569,4.2,52.2,88.5,85.9,89.2,76.4,89.3,85,125.25
171,2010-04,89.9,87.44,0.1102714285714285,1.3406,8.69,20.8,88.6,86,89.3,76.6,89,84.5,132.0
172,2010-05,89.3,74.65,0.1102714285714285,1.2565,10.43,103.3,89.2,86.2,89.3,78.2,89,84.7,131.75
173,2010-06,89.5,75.01,0.1102714285714285,1.2209,16.33,49.4,90.3,86.3,89.4,79.2,90.5,85.1,136.5
174,2010-07,89.6,78.18,0.0973166666666666,1.277,20.33,81.5,90.5,86.3,89.5,81.3,89.8,87.3,186.0
175,2010-08,88.8,74.64,0.0973166666666666,1.2894,16.7,161.6,91.3,86.7,89.6,87.6,89.8,91.3,227.75
176,2010-09,88.7,82.31,0.0973166666666666,1.3067,12.39,82.7,91.7,86.9,89.6,92.4,91.4,96.6,208.0
177,2010-10,88.5,83.15,0.0973166666666666,1.3898,8.13,35.8,92,87.4,89.6,94,94.1,101.6,225.0
178,2010-11,89.3,85.92,0.0973166666666666,1.3661,4.76,96.9,92.7,87.9,89.8,95.3,94.9,102.3,224.0
179,2010-12,90.2,94.75,0.0973166666666666,1.322,-3.66,89.1,93.6,88.3,89.9,97.8,95.8,102.5,252.5
180,2011-01,90.5,101.01,0.09715,1.336,0.95,63.8,94.1,89.1,90.5,103.1,97.5,108.6,269.0
181,2011-02,91.2,111.8,0.09715,1.3649,0.93,30.5,94.8,89.8,90.5,107.6,97.8,109.2,257.5
182,2011-03,91.4,117.36,0.09715,1.3999,4.91,20.4,95.3,90,91.1,106.7,97.4,109.3,240.0
183,2011-04,91.4,125.89,0.09715,1.4442,11.59,25.0,95.9,90.1,91.5,105.4,96.6,110.1,244.5
184,2011-05,91.8,116.73,0.09715,1.4349,13.87,44.1,96.4,90.2,91.9,105.3,95.9,111.1,236.0
185,2011-06,91.3,112.48,0.09715,1.4388,16.54,89.9,96.7,90.3,92.1,105.8,95.2,111.4,185.0
186,2011-07,91.1,116.74,0.09915,1.4264,16.1,124.0,97,90.4,92,104.3,95.5,110.5,198.75
187,2011-08,90.8,114.85,0.09915,1.4343,17.72,97.0,96.9,90.8,92.1,104,94.8,110.4,211.25
188,2011-09,91.1,102.76,0.09915,1.377,15.22,58.6,97.2,90.9,92.7,102,94.8,110.5,183.5
189,2011-10,91.3,109.56,0.09915,1.3706,9.39,53.1,97.6,91.5,95.3,100.1,95.4,111.2,187.0
190,2011-11,91.6,110.52,0.09915,1.3556,4.5,2.4,98,91.7,95.6,98.9,95.4,109.8,178.5
191,2011-12,92.2,107.38,0.09915,1.3179,3.9,124.1,98,91.9,95.7,97.3,95.4,108.8,202.5
192,2012-01,93.1,110.98,0.09675,1.2905,1.91,105.1,98.2,92.4,97,98.2,95.8,108.5,215.5
193,2012-02,94.3,122.66,0.09675,1.3224,-2.5,25.0,98.9,92.6,98,99.4,96.1,108.4,213.0
194,2012-03,94.7,122.88,0.09675,1.3201,6.94,14.9,99.1,92.7,98.3,100.6,96.1,107.5,212.75
195,2012-04,94.5,119.47,0.09675,1.3162,8.15,42.7,99.5,92.7,98.3,104.5,99.1,107.4,216.5
196,2012-05,94.0,101.43,0.09675,1.2789,14.21,52.8,99.2,92.7,98.1,106.5,99.1,108.2,208.0
197,2012-06,94.4,97.88,0.09675,1.2526,15.47,97.1,99.2,92.8,98.1,107.9,96.1,108.3,229.0
198,2012-07,93.8,103.84,0.0954,1.2288,17.39,99.0,99.4,93,98.1,112.8,96.1,109.2,260.0
199,2012-08,93.8,114.05,0.0954,1.24,18.43,64.7,100.3,92.9,98.3,119.4,96.1,110.2,263.75
200,2012-09,93.7,111.58,0.0954,1.2856,13.63,49.0,101.4,93.2,98.6,120.9,96.1,112.1,265.75
201,2012-10,94.3,107.56,0.0954,1.2974,8.72,60.7,102,93.5,99,120.6,96.8,113.7,265.25
202,2012-11,95.5,110.25,0.0954,1.2828,5.2,58.5,102.4,94,99,120.2,96.8,115.2,269.5
203,2012-12,96.4,109.89,0.0954,1.3119,1.49,98.0,102.5,94.6,99.1,120.9,96.8,115.4,250.25
204,2013-01,97.3,114.54,0.0939166666666666,1.3288,0.2,64.4,102.8,95.1,99.7,121.4,97.4,116.5,247.75
205,2013-02,97.2,110.42,0.0939166666666666,1.3359,-0.72,51.1,102.7,95.4,99.6,120.3,98.2,116.2,248.25
206,2013-03,98.1,110.02,0.0939166666666666,1.2964,0.07,33.4,102.7,95.5,99.7,119.6,99.4,115.5,238.75
207,2013-04,98.2,102.37,0.0939166666666666,1.3026,8.1,39.9,102.8,95.5,99.8,119,99.4,115.1,252.25
208,2013-05,99.2,100.39,0.0939166666666666,1.2982,11.78,128.2,103,95.6,99.8,119.6,99.4,115.5,206.0
209,2013-06,99.4,102.16,0.0939166666666666,1.3189,15.66,91.8,103.3,95.5,99.8,118.5,99.4,114.8,193.75
210,2013-07,99.1,107.7,0.0941166666666666,1.308,19.45,38.9,103.4,95.4,99.8,115.3,99.6,113,189.75
211,2013-08,98.1,114.01,0.0941166666666666,1.331,17.93,56.4,103.4,95.6,99.8,109.6,99.6,111.9,187.25
212,2013-09,97.9,108.37,0.0941166666666666,1.3348,13.27,83.4,103.3,95.6,99.9,106.7,99,110.6,193.25
213,2013-10,98.0,108.84,0.0941166666666666,1.3635,10.64,77.8,103.1,95.9,99.4,105.2,99,109.3,204.0
214,2013-11,98.3,109.69,0.0941166666666666,1.3493,4.63,72.1,103.1,96.1,99,106.5,98.7,107.4,209.75
215,2013-12,100.0,110.8,0.0941166666666666,1.3704,3.56,41.2,103.2,96.1,99,106.8,98.5,107.2,209.0
216,2014-01,100.7,106.4,0.0884333333333333,1.361,2.12,44.9,103,96.7,99,106.6,97.9,106,192.5
217,2014-02,100.6,109.07,0.0884333333333333,1.3658,4.34,32.1,103,96.9,99,107,98.6,105.7,201.25
218,2014-03,100.1,107.76,0.0884333333333333,1.3823,6.94,18.6,103.1,97,99.3,108.5,98.8,106.2,207.75
219,2014-04,99.8,108.07,0.0884333333333333,1.3812,10.77,42.4,103.4,97.1,99.3,109.5,99,105.6,215.25
220,2014-05,99.4,109.41,0.0884333333333333,1.3732,12.4,90.4,103.3,97.3,99.7,108.9,99.4,105.3,191.5
221,2014-06,99.3,112.36,0.0884333333333333,1.3592,16.09,51.4,103.4,97.4,99.9,107.6,99.7,105,185.75
222,2014-07,99.1,106.02,0.0864833333333333,1.3539,19.3,126.6,103.3,97.8,100.4,105.5,98.5,104.4,170.5
223,2014-08,98.5,103.19,0.0864833333333333,1.3316,15.96,97.2,103,98,100.6,101.1,98.5,103.7,174.25
224,2014-09,98.7,94.67,0.0864833333333333,1.2901,14.92,54.5,102.2,97.9,100.7,98.4,98.5,102,152.75
225,2014-10,98.6,85.86,0.0864833333333333,1.2673,11.88,63.7,101.2,98.2,99.9,97,99.3,101.5,172.25
226,2014-11,98.3,70.15,0.0864833333333333,1.2472,6.47,29.7,100.4,98.2,99,97.8,99.3,101.3,184.25
227,2014-12,98.7,57.33,0.0864833333333333,1.2331,2.73,75.5,100.1,98.2,99,98.9,99.3,101.5,200.0
228,2015-01,99.3,52.99,0.0839666666666666,1.1621,2.19,85.4,99.7,99,99.4,100.2,99.3,101,185.5
229,2015-02,100.1,62.58,0.0839666666666666,1.135,0.72,22.3,100,99.4,99.3,100.2,99.8,100.6,187.5
230,2015-03,100.0,55.11,0.0839666666666666,1.0838,5.18,55.5,100.6,99.7,99.5,100.6,99.8,100.8,187.5
231,2015-04,100.8,66.78,0.0839666666666666,1.0779,8.42,41.4,100.6,99.8,99.7,100.5,99.3,100.6,178.0
232,2015-05,100.8,65.56,0.0839666666666666,1.115,12.34,51.7,100.3,99.9,99.7,100.7,99.1,100.4,176.0
233,2015-06,100.1,63.59,0.0839666666666666,1.1213,15.82,57.5,100.3,99.8,99.8,99.9,99.6,100.2,201.25
234,2015-07,99.4,52.21,0.084,1.0996,19.39,72.2,100.1,100.1,100.2,101.7,100.4,99.8,180.5
235,2015-08,99.1,54.15,0.084,1.1139,19.87,74.8,99.7,100.2,100.3,100.6,100.4,99.6,160.25
236,2015-09,99.7,48.37,0.084,1.1221,12.96,56.3,100,100.2,100.5,99.3,100.4,99.4,174.5
237,2015-10,100.3,49.56,0.084,1.1235,8.38,46.6,99.9,100.6,100.5,99,100.3,99.3,180.75
238,2015-11,100.5,44.61,0.084,1.0736,7.51,101.0,99.6,100.6,100.6,98.8,100.8,99.2,176.75
239,2015-12,100.0,37.28,0.084,1.0877,6.49,36.5,99.3,100.6,100.6,98.4,100.8,99.1,173.5
240,2016-01,100.1,34.74,0.0788166666666666,1.086,1.01,77.3,99.5,100.6,100.8,97.8,100.4,99.2,163.75
241,2016-02,100.9,35.97,0.0788166666666666,1.1093,3.33,77.8,99.2,100.6,100.9,96.4,100.4,98.7,147.25
242,2016-03,101.4,39.6,0.0788166666666666,1.11,4.01,45.5,98.7,100.6,100.9,95.3,100.4,98.4,152.75
243,2016-04,101.6,48.13,0.0788166666666666,1.1339,7.89,53.3,98.6,100.9,101,94.8,100.6,98.3,151.5
244,2016-05,101.0,49.69,0.0788166666666666,1.1311,13.69,67.7,98.9,100.7,100.8,95.9,100.6,98.1,164.75
245,2016-06,100.5,49.68,0.0788166666666666,1.1229,16.99,115.5,99.3,100.7,101.1,97.2,100.6,98,155.75
246,2016-07,100.8,42.46,0.0773499999999999,1.1069,18.61,70.0,100.2,101,101.3,96.9,100.6,97.9,166.0
247,2016-08,100.2,47.04,0.0773499999999999,1.1212,17.72,46.2,100.6,101.3,101.4,96,100.6,97.7,154.75
248,2016-09,100.4,49.06,0.07735,1.1212,16.85,39.1,101.1,101.3,101.3,93.8,100.6,97.4,160.5
249,2016-10,100.4,48.3,0.07735,1.1026,8.49,57.0,101.3,101.3,102,92.3,100.9,96.2,165.75
250,2016-11,101.6,50.47,0.0773499999999999,1.0799,3.83,57.3,101.7,101.7,102,92.8,100.9,96.2,162.0
251,2016-12,102.8,56.82,0.0773499999999999,1.0543,2.16,26.5,102.5,101.7,102.5,93.4,100.9,96.4,168.0
252,2017-01,103.5,55.7,0.0756166666666666,1.0614,-2.15,45.2,102.8,102,103.2,93.9,101.5,96.7,165.5
253,2017-02,105.6,55.59,0.0756166666666666,1.0643,2.9,44.6,103,102.6,103.7,95.1,101.5,96.9,172.25
254,2017-03,103.7,52.83,0.0756166666666666,1.0685,7.2,57.0,103.1,102.8,103.7,95.3,102.1,97,164.5
255,2017-04,103.3,51.73,0.0756166666666666,1.0723,7.42,41.4,103.9,102.8,103.9,95.4,102.2,97,168.25
256,2017-05,103.2,50.31,0.0756166666666666,1.1058,14.13,59.6,104.6,102.8,103.8,95.7,102.2,97.4,166.75
257,2017-06,103.1,47.92,0.0756166666666666,1.1229,17.76,89.3,105.5,102.8,103.7,95.4,102.2,97.8,176.5
258,2017-07,103.4,52.65,0.0751833333333333,1.1511,18.06,132.4,105.7,102.9,103.8,95.7,102.2,97.9,168.25
259,2017-08,103.2,52.38,0.0751833333333333,1.1807,17.87,85.6,105.9,102.9,103.7,94.4,102.2,98.3,155.75
260,2017-09,103.8,57.54,0.0751833333333333,1.1915,12.79,66.3,106.1,103.4,103.8,94,101.9,98.2,166.0
261,2017-10,104.7,61.37,0.0751833333333333,1.1756,11.14,76.7,105.4,103.7,102.8,93.4,101.9,98.8,162.0
262,2017-11,104.9,63.57,0.0751833333333333,1.1738,5.11,81.5,104.9,103.7,102,93.6,101.9,98.8,159.5
263,2017-12,105.7,66.87,0.0751833333333333,1.1836,2.71,79.1,104.7,103.9,101.9,94.7,101.9,99,159.0
264,2018-01,106.5,69.05,0.07695,1.22,3.72,101.7,104.5,105.6,101.5,95,102.6,98.2,158.25
265,2018-02,106.4,65.78,0.07695,1.2348,-1.87,17.8,104.3,105.5,101.4,96,102.6,98.2,166.75
266,2018-03,106.6,70.27,0.07695,1.2336,2.36,50.9,104.8,105.6,101.3,97.6,102.6,98.2,163.75
267,2018-04,106.7,75.17,0.07695,1.2276,12.32,37.7,104.8,105.3,101.1,98.2,102.7,98.4,168.25
268,2018-05,106.9,77.59,0.07695,1.1812,16.03,52.0,105,105.8,101.1,99,102,99,182.75
269,2018-06,106.5,79.44,0.07695,1.1678,17.73,47.4,105.3,105.8,101.1,99.1,102,98.9,178.5
270,2018-07,106.1,74.25,0.0783333333333333,1.1686,20.29,40.0,105.4,105.9,101.2,99.9,102,99.5,202.25
271,2018-08,105.8,77.42,0.0783333333333333,1.1549,19.91,42.0,105.8,106.5,101.2,105.8,102,100.5,204.75
272,2018-09,106.7,82.72,0.0783333333333333,1.1659,15.09,44.2,106.1,107.3,100.9,105.6,101.8,101.9,201.5
273,2018-10,106.6,75.47,0.0783333333333333,1.1484,10.72,28.4,105.5,107.7,100.3,105.1,101.8,102.4,198.5
274,2018-11,106.4,58.71,0.0783333333333333,1.1367,5.21,20.2,105.4,107.9,100.2,105.2,101.8,102.6,201.25
275,2018-12,106.8,53.8,0.0783333333333333,1.1384,3.9,104.1,105.2,107.9,100.2,104.6,101.7,102.8,203.25
276,2019-01,107.3,61.89,0.0843833333333333,1.1416,0.63,81.8,105.2,108.5,99.5,104.6,102.1,104.2,204.25
277,2019-02,107.9,66.03,0.0843833333333333,1.1351,3.95,29.9,105.2,108.8,99.7,104.1,102.3,104.5,193.25
278,2019-03,107.4,68.39,0.0843833333333333,1.1302,6.58,74.7,105.1,108.9,99.7,102.7,102.5,104.5,185.75
279,2019-04,107.4,72.8,0.0843833333333333,1.1238,9.62,29.4,106.8,109.1,99.7,101.5,102.4,104,183.25
280,2019-05,107.8,64.49,0.0843833333333333,1.1185,10.99,78.6,107.3,109.3,99.6,100.5,102.4,104.1,185.25
281,2019-06,108.0,66.55,0.0843833333333333,1.1293,19.78,55.6,107.8,109.5,99.5,100.5,102.4,103.7,180.25
282,2019-07,108.3,65.17,0.073,1.1218,18.9,56.0,107.6,109.6,99.3,99.9,102.5,103.5,174.75
283,2019-08,108.5,60.43,0.073,1.1126,19.06,63.0,107.5,109.7,99.3,98.4,102.6,103.1,164.25
284,2019-09,108.3,60.78,0.073,1.1004,14.05,64.5,107.8,109.7,99.6,96.5,102.6,102,174.75
285,2019-10,107.9,60.23,0.073,1.1053,10.81,83.8,108,109.8,100.3,96.4,102.9,101.9,178.0
286,2019-11,108.4,62.43,0.073,1.1051,5.22,58.9,108.4,109.8,100.4,96.6,102.5,101.3,185.5
287,2019-12,109.0,66.0,0.073,1.1113,3.75,58.8,109.8,109.7,100.4,97,102.5,101.3,188.75
288,2020-01,110.0,58.16,0.0809833333333333,1.11,3.48,40.5,109.9,110.2,100.9,98,103,101.2,191.0
289,2020-02,111.6,50.52,0.0809833333333333,1.0905,5.29,124.1,110.5,110.9,101.3,98.8,103.9,101.3,187.5
290,2020-03,111.4,22.74,0.0809833333333333,1.1063,5.27,50.9,110.7,111,101.2,98.7,104.7,101.3,196.25
291,2020-04,112.6,25.27,0.0809833333333333,1.0862,10.35,16.3,110.6,111.2,101.2,101.2,105.4,101.6,195.75
292,2020-05,112.7,35.33,0.0809833333333333,1.0902,11.91,38.4,108.8,111.2,101.4,100.5,105.5,101.4,188.25
293,2020-06,112.5,41.15,0.0809833333333333,1.1255,16.89,90.9,108.2,111.2,101.5,100.1,105.3,101.3,180.5
294,2020-07,109.5,43.3,0.0848666666666666,1.1463,17.69,51.8,107.6,111.2,101.6,99.6,105.1,100.9,182.75
295,2020-08,109.2,45.28,0.0848666666666666,1.1828,19.95,85.5,107.4,111.2,101.6,98,105.6,100.5,187.75
296,2020-09,109.0,40.95,0.0848666666666666,1.1792,14.82,50.0,107.2,111.2,102.1,99.3,105.6,100.7,197.75
297,2020-10,109.4,37.46,0.0848666666666666,1.1775,10.21,78.4,107,111.4,102.5,101.2,105.6,100.9,205.25
298,2020-11,109.9,47.59,0.0848666666666666,1.1838,6.18,20.7,107.1,111.5,102.5,103.5,105.7,101.2,210.25
299,2020-12,109.5,51.8,0.0848666666666666,1.217,3.08,57.5,106.9,111.5,102.5,105.4,105.2,101.1,213.25
300,2021-01,112.3,55.88,0.0874833333333333,1.2171,0.63,80.2,107.2,112.5,103,109.4,105.5,102,227.0
301,2021-02,113.2,66.13,0.0874833333333333,1.2098,1.71,48.9,107.5,113,103,112.4,105.8,102.4,245.0
302,2021-03,113.1,63.54,0.0874833333333333,1.1899,4.77,46.0,109.1,112.9,103.2,114.4,106,102.7,215.5
303,2021-04,114.5,67.25,0.0874833333333333,1.1979,6.02,34.7,109.9,113.3,103.1,114.1,107.2,104.6,257.75
304,2021-05,114.2,69.32,0.0874833333333333,1.2146,10.72,94.9,110.2,113.8,103.2,119.6,107.1,105.3,213.75
305,2021-06,113.8,75.13,0.0874833333333333,1.2047,18.98,95.4,111.4,113.8,103.5,121.4,107.2,105.9,209.25
306,2021-07,114.2,76.33,0.0983333333333333,1.1822,18.37,107.2,111.2,113.8,103.7,119.2,107,106.5,223.25
307,2021-08,114.2,72.99,0.0983333333333333,1.1772,16.4,102.5,111.2,114.4,104.1,118.1,107.6,107.2,248.75
308,2021-09,114.2,78.52,0.0983333333333333,1.177,15.16,35.3,111.3,115.2,104.2,121.1,107.9,108.2,258.0
309,2021-10,114.2,84.38,0.0983333333333333,1.1601,9.63,44.8,112.1,115.3,105.2,124.1,110.3,112.8,283.25
310,2021-11,114.8,70.57,0.0983333333333333,1.1414,4.9,49.7,113.5,115.6,105.7,129.6,110.7,115.2,279.5
311,2021-12,116.0,77.78,0.0983333333333333,1.1304,2.58,61.4,114.9,116.7,106.2,133.6,110.7,117.1,278.5
312,2022-01,117.8,91.21,0.1491166666666666,1.1314,2.79,58.2,117.3,120.8,107.1,138.2,115.1,120.7,266.0
313,2022-02,119.1,100.99,0.1491166666666666,1.1342,4.47,83.7,118.4,121.4,108.7,140.1,115.2,121.7,322.5
314,2022-03,120.1,107.91,0.1491166666666666,1.1019,5.09,15.0,124.6,121.8,109.9,166.7,115.7,130.6,369.5
315,2022-04,124.2,109.34,0.1491166666666666,1.0819,7.75,56.5,131.3,123.4,111.5,174.4,119.1,137,400.75
316,2022-05,126.7,122.84,0.1491166666666666,1.0579,14.44,47.0,133.4,125.4,112.7,177.8,120.6,140.8,392.25
317,2022-06,128.0,114.81,0.1491166666666666,1.0566,18.33,56.2,134.3,129.1,113.2,173.2,121.5,142,350.25
318,2022-07,130.8,110.01,0.18485,1.0179,19.13,37.8,135.8,129.9,115.2,164.5,121.8,143.7,343.0
319,2022-08,132.9,96.49,0.18485,1.0128,20.23,48.9,137,131.2,116.9,162.5,124.5,144.8,332.25
320,2022-09,135.2,87.96,0.18485,0.9904,13.37,100.0,138.9,132.8,117.7,163.1,125.2,146.6,356.75
321,2022-10,136.9,94.83,0.18485,0.9826,12.52,49.7,140.9,134.3,123.8,165.6,127.9,154,352.25
322,2022-11,138.7,85.43,0.18485,1.0201,6.35,48.9,141.2,135.3,124.8,164.3,128.2,159,326.5
323,2022-12,139.8,85.91,0.18485,1.0589,1.8,67.1,141.7,136.3,126.4,161.4,128.6,158.4,309.25
324,2023-01,142.0,84.49,,1.0769,3.62,69.4,144.2,142.7,131,159.6,130.9,160.1,287.75
325,2023-02,145.6,83.89,,1.0715,3.21,43.1,145.2,144.5,133.8,156.5,132.2,162.1,274.25
326,2023-03,147.6,79.77,,1.0706,5.74,90.4,145.9,145,134.8,152.3,132.8,161.8,260.25
327,2023-04,146.5,79.54,,1.0968,7.53,63.6,146.3,145.1,135.9,146,132.6,158.7,238.5
328,2023-05,146.2,72.66,,1.0868,13.08,42.7,145.9,145,136.5,139.3,132.1,156.1,218.25
329,2023-06,146.0,74.9,,1.084,18.56,50.4,146.1,144.9,136.8,136.2,132.1,155.7,230.75
330,2023-07,,85.43,,1.1058,18.72,97.0,:,:,:,:,:,:,240.0
